Row Labels,,Sum of FoldChange,,,,
hsa-miR-191-5p,CAACGGAAUCCCAAAAGCAGCUG,-115.2377515,,,>hsa-miR-25-3p,
hsa-let-7e-5p,UGAGGUAGGAGGUUGUAUAGUU,-14.61509658,,,CAUUGCACUUGUCUCGGUCUGA,
hsa-miR-186-5p,CAAAGAAUUCUCCUUUUGGGCU,-10.75345405,,,>hsa-miR-30a-3p,
hsa-miR-16-2-3p,CCAAUAUUACUGUGCUGCUUUA,-8.360914305,,,CUUUCAGUCGGAUGUUUGCAGC,
hsa-let-7d-5p,,-7.873329477,,,>hsa-miR-503-5p,
hsa-miR-361-5p,,-6.783533912,,,UAGCAGCGGGAACAGUUCUGCAG,
hsa-miR-148b-3p,,-5.468865442,,,>hsa-miR-17-5p,
hsa-miR-339-5p,,-3.654378117,,,CAAAGUGCUUACAGUGCAGGUAG,
hsa-miR-22-3p,,-3.476790972,,,>hsa-miR-362-5p,
hsa-miR-30e-5p,,-2.307813219,,,AAUCCUUGGAACCUAGGUGUGAGU,
hsa-miR-10a-3p,,-2.22350041,,,>hsa-miR-221-5p,
hsa-miR-27a-3p,,-1.856733516,,,ACCUGGCAUACAAUGUAGAUUU,
hsa-miR-140-3p,,-1.71868184,,,>hsa-miR-200a-5p,
hsa-miR-1307-3p,,-1.672537267,,,CAUCUUACCGGACAGUGCUGGA,
hsa-miR-185-5p,,-1.657631339,,,>hsa-miR-148a-5p,
hsa-let-7i-5p,,-1.636292406,,,AAAGUUCUGAGACACUCCGACU,
hsa-miR-92b-3p,,-1.19022841,,,>hsa-miR-629-5p,
hsa-let-7g-5p,,-1.164081915,,,GUUCUCCCAACGUAAGCCCAGC,
hsa-miR-99a-5p,,-1.153256266,,,>hsa-miR-181a-2-3p,
hsa-let-7d-3p,,-0.971783086,,,ACCACUGACCGUUGACUGUACC,
hsa-miR-30b-5p,,-0.827025367,,,>hsa-miR-502-3p,
hsa-miR-151a-3p,,-0.726278593,,,AAUGCACCUGGGCAAGGAUUCA,
hsa-miR-93-5p,,-0.65214899,,,>hsa-miR-374a-3p,
hsa-miR-4664-3p,,-0.606558871,,,CUUAUCAGAUUGUAUUGUAAUU,
hsa-miR-31-5p,,-0.203148867,,,>hsa-miR-125b-2-3p,
hsa-miR-15b-5p,,-0.069282066,,,UCACAAGUCAGGCUCUUGGGAC,
hsa-miR-205-5p,,-0.069255676,,,>hsa-miR-183-5p,
hsa-miR-25-3p,CAUUGCACUUGUCUCGGUCUGA,0.063211073,,,UAUGGCACUGGUAGAAUUCACU,
hsa-miR-30a-3p,CUUUCAGUCGGAUGUUUGCAGC,0.336800917,,,>hsa-miR-221-3p,
hsa-miR-503-5p,UAGCAGCGGGAACAGUUCUGCAG,0.346505829,,,AGCUACAUUGUCUGCUGGGUUUC,
hsa-miR-17-5p,CAAAGUGCUUACAGUGCAGGUAG,0.367177769,,,>hsa-miR-200b-3p,
hsa-miR-362-5p,AAUCCUUGGAACCUAGGUGUGAGU,0.437772013,,,UAAUACUGCCUGGUAAUGAUGA,
hsa-miR-221-5p,ACCUGGCAUACAAUGUAGAUUU,0.502813098,,,>hsa-miR-500a-3p,
hsa-miR-200a-5p,CAUCUUACCGGACAGUGCUGGA,0.570943672,,,AUGCACCUGGGCAAGGAUUCUG,
hsa-miR-148a-5p,AAAGUUCUGAGACACUCCGACU,0.604866815,,,>hsa-let-7b-5p,
hsa-miR-629-5p,GUUCUCCCAACGUAAGCCCAGC,0.615043953,,,UGAGGUAGUAGGUUGUGUGGUU,
hsa-miR-181a-2-3p,ACCACUGACCGUUGACUGUACC,0.625440838,,,>hsa-miR-99b-3p,
hsa-miR-502-3p,AAUGCACCUGGGCAAGGAUUCA,0.65247715,,,CAAGCUCGUGUCUGUGGGUCCG,
hsa-miR-374a-3p,CUUAUCAGAUUGUAUUGUAAUU,0.653478147,,,>hsa-miR-582-3p,
hsa-miR-125b-2-3p,UCACAAGUCAGGCUCUUGGGAC,0.660567967,,,UAACUGGUUGAACAACUGAACC,
hsa-miR-183-5p,UAUGGCACUGGUAGAAUUCACU,0.668632857,,,>hsa-miR-542-3p,
hsa-miR-221-3p,AGCUACAUUGUCUGCUGGGUUUC,0.692245875,,,UGUGACAGAUUGAUAACUGAAA,
hsa-miR-200b-3p,UAAUACUGCCUGGUAAUGAUGA,0.722754757,,,>hsa-miR-363-3p,
hsa-miR-500a-3p,AUGCACCUGGGCAAGGAUUCUG,0.728205602,,,AAUUGCACGGUAUCCAUCUGUA,
hsa-let-7b-5p,UGAGGUAGUAGGUUGUGUGGUU,0.731740817,,,>hsa-miR-589-5p,
hsa-miR-99b-3p,CAAGCUCGUGUCUGUGGGUCCG,0.764807324,,,UGAGAACCACGUCUGCUCUGAG,
hsa-miR-582-3p,UAACUGGUUGAACAACUGAACC,0.862211907,,,>hsa-miR-149-5p,
hsa-miR-542-3p,UGUGACAGAUUGAUAACUGAAA,0.950367834,,,UCUGGCUCCGUGUCUUCACUCCC,
hsa-miR-363-3p,AAUUGCACGGUAUCCAUCUGUA,0.991486767,,,>hsa-miR-450b-5p,
hsa-miR-589-5p,UGAGAACCACGUCUGCUCUGAG,1.036721353,,,UUUUGCAAUAUGUUCCUGAAUA,
hsa-miR-149-5p,UCUGGCUCCGUGUCUUCACUCCC,1.19129574,,,>hsa-miR-146a-5p,
hsa-miR-450b-5p,UUUUGCAAUAUGUUCCUGAAUA,1.199557538,,,UGAGAACUGAAUUCCAUGGGUU,
hsa-miR-146a-5p,UGAGAACUGAAUUCCAUGGGUU,1.216898053,,,>hsa-miR-671-5p,
hsa-miR-671-5p,AGGAAGCCCUGGAGGGGCUGGAG,1.363358982,,,AGGAAGCCCUGGAGGGGCUGGAG,
hsa-miR-182-5p,UUUGGCAAUGGUAGAACUCACACU,1.47118207,,,>hsa-miR-182-5p,
hsa-miR-222-3p,AGCUACAUCUGGCUACUGGGU,1.533390614,,,UUUGGCAAUGGUAGAACUCACACU,
hsa-miR-10b-5p,UACCCUGUAGAACCGAAUUUGUG,1.549092698,,,>hsa-miR-222-3p,
hsa-miR-19a-3p,UGUGCAAAUCUAUGCAAAACUGA,1.607100569,,,AGCUACAUCUGGCUACUGGGU,
hsa-miR-374a-5p,UUAUAAUACAACCUGAUAAGUG,1.763426565,,,>hsa-miR-10b-5p,
hsa-miR-574-3p,CACGCUCAUGCACACACCCACA,1.783785949,,,UACCCUGUAGAACCGAAUUUGUG,
hsa-miR-26b-5p,UUCAAGUAAUUCAGGAUAGGU,1.835717523,,,>hsa-miR-19a-3p,
hsa-miR-20b-5p,CAAAGUGCUCAUAGUGCAGGUAG,1.845505087,,,UGUGCAAAUCUAUGCAAAACUGA,
hsa-miR-532-5p,CAUGCCUUGAGUGUAGGACCGU,1.920049378,,,>hsa-miR-374a-5p,
hsa-miR-148a-3p,UCAGUGCACUACAGAACUUUGU,2.629257957,,,UUAUAAUACAACCUGAUAAGUG,
hsa-miR-98-5p,UGAGGUAGUAAGUUGUAUUGUU,2.890740412,,,>hsa-miR-574-3p,
hsa-miR-340-5p,UUAUAAAGCAAUGAGACUGAUU,3.431943215,,,CACGCUCAUGCACACACCCACA,
hsa-miR-125a-5p,UCCCUGAGACCCUUUAACCUGUGA,3.544569449,,,>hsa-miR-26b-5p,
hsa-miR-125a-3p,ACAGGUGAGGUUCUUGGGAGCC,3.694364189,,,UUCAAGUAAUUCAGGAUAGGU,
hsa-miR-30a-5p,UGUAAACAUCCUCGACUGGAAG,4.759548999,,,>hsa-miR-20b-5p,
hsa-miR-196b-5p,UAGGUAGUUUCCUGUUGUUGGG,5.366879426,,,CAAAGUGCUCAUAGUGCAGGUAG,
hsa-miR-27a-5p,AGGGCUUAGCUGCUUGUGAGCA,6.028795894,,,>hsa-miR-532-5p,
hsa-miR-106b-3p,CCGCACUGUGGGUACUUGCUGC,6.192403232,,,CAUGCCUUGAGUGUAGGACCGU,
hsa-miR-30e-3p,CUUUCAGUCGGAUGUUUACAGC,7.020143156,,,>hsa-miR-148a-3p,
hsa-miR-877-5p,GUAGAGGAGAUGGCGCAGGG,7.492004182,,,UCAGUGCACUACAGAACUUUGU,
hsa-miR-200a-3p,UAACACUGUCUGGUAACGAUGU,8.679144546,,,>hsa-miR-98-5p,
hsa-miR-28-3p,CACUAGAUUGUGAGCUCCUGGA,19.13575952,,,UGAGGUAGUAAGUUGUAUUGUU,
hsa-miR-769-5p,UGAGACCUCUGGGUUCUGAGCU,41.00372799,,,>hsa-miR-340-5p,
hsa-miR-32-5p,UAUUGCACAUUACUAAGUUGCA,169.034082,,,UUAUAAAGCAAUGAGACUGAUU,
,,,,,>hsa-miR-125a-5p,
,,,,,UCCCUGAGACCCUUUAACCUGUGA,
,,,,,>hsa-miR-125a-3p,
,,,,,ACAGGUGAGGUUCUUGGGAGCC,
,,,,,>hsa-miR-30a-5p,
,,,,,UGUAAACAUCCUCGACUGGAAG,
,,,,,>hsa-miR-196b-5p,
,,,,,UAGGUAGUUUCCUGUUGUUGGG,
,,,,,>hsa-miR-27a-5p,
,,,,,AGGGCUUAGCUGCUUGUGAGCA,
,,,,,>hsa-miR-106b-3p,
,,,,,CCGCACUGUGGGUACUUGCUGC,
,,,,,>hsa-miR-30e-3p,
,,,,,CUUUCAGUCGGAUGUUUACAGC,
,,,,,>hsa-miR-877-5p,
,,,,,GUAGAGGAGAUGGCGCAGGG,
,,,,,>hsa-miR-200a-3p,
,,,,,UAACACUGUCUGGUAACGAUGU,
,,,,,>hsa-miR-28-3p,C
,,,,,ACUAGAUUGUGAGCUCCUGGA,
,,,,,>hsa-miR-769-5p,
,,,,,UGAGACCUCUGGGUUCUGAGCU,
,,,,,>hsa-miR-32-5p,
,,,,,UAUUGCACAUUACUAAGUUGCA,
