"","Head"
"1","AAGAUGUGGAAAAAUUGGAAUC"
"2","CAGUGGUUUUACCCUAUGGUAG"
"3","CUCUAGAGGGAAGCGCUUUCUG"
"4","UUCAUUCGGCUGUCCAGAUGUA"
"5","UUUGGUCCCCUUCAACCAGCUG"
"6","UUUCUGUCUUUUCUGGUCCAG"
"7","GUUUGCACGGGUGGGCCUUGUCU"
"8","AAAGACCGUGACUACUUUUGCA"
"9","CAGGGCUCAGGGAUUGGAUGGAGG"
"10","UGGGCGAGGGGUGGGCUCUCAGAG"
"11","ACCAGGAGGCUGAGGCCCCU"
"12","UCACCUGAGCUCCCGUGCCUG"
"13","AGAAGGCCUUUCCAUCUCUGU"
"14","ACGGUGCUGGAUGUGGCCUUU"
"15","CAGGCACGGGAGCUCAGGUGAG"
"16","UAUACAAGGGCAAGCUCUCUGU"
"17","UUGAAGAGGAGGUGCUCUGUAGC"
"18","UUCAACAAGGGUGUAGGAUGG"
"19","CGAGGGGUAGAAGAGCACAGGGG"
"20","CUUAGCAGGUUGUAUUAUCAUU"
"21","CAGUUCUGCUGUUCUGACUCUAG"
"22","UUGCAUAUGUAGGAUGUCCCAU"
"23","AUGGCCAAAACUGCAGUUAUUUU"
"24","UUCUCCAAAAGAAAGCACUUUCUG"
"25","UAAGGAGGGGGAUGAGGGG"
"26","GUGGGUUGGGGCGGGCUCUG"
"27","CAGGUCGUCUUGCAGGGCUUCU"
"28","AGUAGAGAGGAAAAGUUAGGGUC"
"29","AGCUUCUUUACAGUGCUGCCUUG"
"30","AGGGCCGAAGGGUGGAAGCUGC"
"31","CAUCUGGGCAACUGACUGAAC"
"32","CUACUUCUACCUGUGUUAUCAU"
"33","CCAGGCUCUGCAGUGGGAACU"
"34","GUGGGAUUUCUGAGUAGCAUC"
"35","AAGUGUGCAGGGCACUGGU"
"36","ACUGUUGCUAAUAUGCAACUCU"
"37","AGUUUGGGAUGGAGAGAGGAGA"
"38","AUUGGGGACAUUUUGCAUUCAU"
"39","UCCCCAACCCCUGCCCGCAG"
"40","UCACCUGACCUCCCAUGCCUGU"
"41","AAAGGAUUCUGCUGUCGGUCCCACU"
"42","UCUCUUCAUCUACCCCCCAG"
"43","UAAAGAGCCCUGUGGAGACA"
"44","AGCAGUGUUUGUUUUGCCCACA"
"45","UCUGCAAGUGUCAGAGGCGAGG"
"46","CACAGCAAGUGUAGACAGGCA"
"47","UGGGGAAGGCUUGGCAGGGAAGA"
"48","GGUGGGAUGGAGAGAAGGUAUGAG"
"49","CCACCUCCCCUGCAAACGUCCA"
"50","AAAGUGCAUCCUUUUAGAGGUU"
"51","GUGACAUCACAUAUACGGCAGC"
"52","AUCACAUUGCCAGGGAUUUCC"
"53","UUGUGGGGUUGGAGAGCUGGCUG"
"54","CUGUAUGCCCUCACCGCUCA"
"55","UUGGGGAAACGGCCGCUGAGUG"
"56","CUGGACUGAGCCGUGCUACUGG"
"57","UCACUCCUCUCCUCCCGUCUU"
"58","UUUCUUCUUAGACAUGGCAACG"
"59","UGAGAACUGAAUUCCAUGGGUU"
"60","UGGAGUCCAGGAAUCUGCAUUUU"
"61","CACACACACACACACACGUAU"
"62","AGGUUGACAUACGUUUCCC"
"63","AUCGGGAAUGUCGUGUCCGCCC"
"64","UUGUGGCUGGUCAUGAGGCUAA"
"65","AAUUUGGUUUCUGAGGCACUUAGU"
"66","AUGAGACUCAUGUAAAACAUCUU"
"67","CUAUACAAUCUACUGUCUUUC"
"68","AGGGGGCGGGCUCCGGCG"
"69","AGUGGAUGAUGGAGACUCGGUAC"
"70","AGUGGCAAAGUCUUUCCAUAU"
"71","CCUCCCACACCCAAGGCUUGCA"
"72","AGGGAAGGAGGCUUGGUCUUAG"
"73","AACCUUGGCCCCUCUCCCCAG"
"74","CUAAGAAGUUGACUGAAG"
"75","UGAGGAGAUCGUCGAGGUUGG"
"76","GUGAGGAGGGGCUGGCAGGGAC"
"77","CAAAGGCCACAUUCUCCUGUGCAC"
"78","UCUCAGUAAGUGGCACUCUGU"
"79","CUCUCUACUGACUUGCAACAUA"
"80","ACUCGGCUGCGGUGGACAAGU"
"81","UGGGAGCUGGACUACUUC"
"82","UUCCUUCUGUUGUCUGUGCAG"
"83","CAGUUAUCACAGUGCUGAUGCU"
"84","AGGUAGAAUGAGGCCUGACAU"
"85","CAAACCCCUGUCUACCCGCAG"
"86","UCCUGUCCCUGUCUCCUACAG"
"87","ACCUUCUUGUAUAAGCACUGUGCUAAA"
"88","GAGACUGGGGUGGGGCC"
"89","CAGGGGGACUGGGGGUGAGC"
"90","CGCCUGCCCAGCCCUCCUGCU"
"91","AGCAGGGCUGGGGAUUGCA"
"92","ACGUUGGCUCUGGUGGUG"
"93","UCGCGGUUUGUGCCAGAUGACG"
"94","GCUCGGACUGAGCAGGUGGG"
"95","UCUGCACUGUGAGUUGGCUGGCU"
"96","GAGCCAGUUGGACAGGAGC"
"97","UGAGUAUUACAUGGCCAAUCUC"
"98","AAAAGCUGGGUUGAGAGGGU"
"99","UUGUCUCUUGUUCCUCACACAG"
"100","UCCCUACCCCUCCACUCCCCA"
"101","UGCCUGGGUCUCUGGCCUGCGCGU"
"102","AGGAGGGAAGGGGCUGAGAACAGGA"
"103","UGUUUCGGGGCUCAUGGCCUGUG"
"104","CCACGUGCUUCUCUUUCCGCAG"
"105","GGCAGGAGGGCUGUGCCAGGUUG"
"106","CUAUUAAGGACAUUUGUGAUUC"
"107","UUUGUUCGUUCGGCUCGCGUGA"
"108","CAAAACGUGAGGCGCUGCUAU"
"109","AACAUCACUGCAAGUCUUAACA"
"110","AAAUAUAUAUAUAUAUGUACGUAU"
"111","GUGAGUGGGAGCCCCAGUGUGUG"
"112","AUCUAAAUGCAGCAUGCCAGUC"
"113","GUUCCUGCUGAACUGAGCCAG"
"114","UCAAUAAAUGUCUGUUGAAUU"
"115","UCAGCAUUCAUUGGCACCAGAGA"
"116","GCAGGACAGGCAGAAGUGGAU"
"117","CGGCGCGACCGGCCCGGGG"
"118","UGGGCUAAGGGAGAUGAUUGGGUA"
"119","GGGGGGAUGUGCAUGCUGGUU"
"120","CGGGGCAGCUCAGUACAGGAU"
"121","UUUAACAUGGGGGUACCUGCUG"
"122","UGGCAGUGUAUUGUUAGCUGGU"
"123","AGGGCUGGACUCAGCGGCGGAGCU"
"124","UGAGUGAUUGAUAGCUAUGUUC"
"125","UCAGCAGGCAGGCUGGUGCAGC"
"126","UCCAGGGAGACAGUGUGUGAG"
"127","ACUCCAGCCCCACAGCCUCAGC"
"128","AAUCGUACAGGGUCAUCCACUU"
"129","GCAAAGCACACGGCCUGCAGAGA"
"130","CCAGAGGUGGGGACUGAG"
"131","ACUCAGUCAUGGUCAUU"
"132","GGUCGUAUGUGUGACGCCAUUU"
"133","AGGGACGGGACGCGGUGCAGUG"
"134","UGCCUCCUCCGUGGCCUCAG"
"135","UGAUUGUCUUCCCCCACCCUCA"
"136","CAGGGAAAUGGGAAGAACUAGA"
"137","GGGUGAGGGCAGGUGGUU"
"138","AAAGGCAUAAAACCAAGACA"
"139","UCCAUUACACUACCCUGCCUCU"
"140","UAAGUGCUUCCAUGCUU"
"141","GUGCCACCUUAACUGCAGCCAAU"
"142","UCGUUUGCCUUUUUCUGCUU"
"143","UUCGCGGGCGAAGGCAAAGUC"
"144","CUCGGGCGGAGGUGGUUGAGUG"
"145","GCUGCGCUUGGAUUUCGUCCCC"
"146","ACCUUGCAUCUGCAUCCCCAG"
"147","CGCUCUAGGCACCGCAGCA"
"148","GGAGGAACCUUGGAGCUUCGGC"
"149","GGGGAGGUGUGCAGGGCUGG"
"150","ACUGCAUUAUGAGCACUUAAAG"
"151","UCUCAGCUGCUGCCCUCUCCAG"
"152","CCCCAGGGCGACGCGGCGGG"
"153","CACACACUGCAAUUACUUUUGC"
"154","UAUUGCACAUUACUAAGUUGCA"
"155","UUCUGGAUAACAUGCUGAAGCU"
"156","AGUGGGAGGACAGGAGGCAGGU"
"157","UUGCAGCUGCCUGGGAGUGACUUC"
"158","GGAGAUGGAGGUUGCAGUG"
"159","UUCUAGAUGAGAGAUAUAUAUA"
"160","AAUUCCCUUGUAGAUAACCCGG"
"161","AAGUGCCCCCACAGUUUGAGUGC"
"162","UGCAUCACAGCCUUUGGCCCUAG"
"163","GCCUGCUGGGGUGGAACCUGGU"
"164","CACGCUCAUGCACACACCCACA"
"165","AGAGGACCCGUAGCUGCUAGAAGG"
"166","CGGUGGACUGGAGUGGGUGG"
"167","GGGGUUCCUGGGGAUGGGAUUU"
"168","GAGGUUUUCUGGGUUUCUGUUUC"
"169","AAAGUGCUGCGACAUUUGAGCGU"
"170","CGCGCGGCCGUGCUCGGAGCAG"
"171","ACGGAUGUUUGAGCAUGUGCUA"
"172","UGUUCCUCUGUCUCCCAGAC"
"173","UGAGGUAGUAGGUUGUGUGGUU"
"174","UUGGGGGUGAGGUUGGUGUCUGG"
"175","CUCUGAUCGCCCUCUCAGCUC"
"176","UACAGCCCUGUGAUCUUUCCAG"
"177","GUGAGCCAGUGGAAUGGAGAGG"
"178","CAGGGCAGAGGGCACAGGAAUCUGA"
"179","GAGAAAUGCUGGACUAAUCUGC"
"180","UGUAAACAUCCUCGACUGGAAG"
"181","UGGCAGGGAGGCUGGGAGGGG"
"182","UUCUUUGUUUUUAAUUCACAG"
"183","CACAGGCUUAGAAAAGACAGU"
"184","CCCUUGGGUCUGAUGGGGUAG"
"185","UGGUGGAGGAAGAGGGCAGCUC"
"186","UUGCUCUGCUCCCCCGCCCCCAG"
"187","ACUUUAACAUGGAAGUGCUUUC"
"188","AUCCCUUGCAGGGGCUGUUGGGU"
"189","CCUGGAAACACUGAGGUUGUG"
"190","CGCCGCGCGCAUCGGCUCAGC"
"191","GGCAGGUUCUCACCCUCUCUAGG"
"192","UUGAGGAGACAUGGUGGGGGCC"
"193","CAUCAUCGUCUCAAAUGAGUCU"
"194","AAAGUGCAUCCUUUUAGAGUGU"
"195","UACUUUUCUAGGUUGUUGGGG"
"196","AUUCUAAUUUCUCCACGUCUUU"
"197","AAGUGCCGCCAUCUUUUGAGUGU"
"198","UGGCUGCUUCCCUUGGUCUCCAG"
"199","UAUGCAUUGUAUUUUUAGGUCC"
"200","GGCUAGCAACAGCGCUUACCU"
"201","UGCCUCCUUGGUCUCCGGCAG"
"202","UGGGGUGCCCACUCCGCAAGUU"
"203","CAGGGCAGGAAGAAGUGGACAA"
"204","CAACCUCGACGAUCUCCUCAGC"
"205","GUUCCACACUGACACUGCAGAAGU"
"206","AACAAUAUCCUGGUGCUGAGUG"
"207","UGAGAGUGGAAUUCACAGUAUUU"
"208","AAACAUUCGCGGUGCACUUCUU"
"209","UCGAGGAGCUCACAGUCU"
"210","GCAGGGACAGCAAAGGGGUGC"
"211","CUGGCAGGGGGAGAGGUA"
"212","CACGGCAAAAGAAACAAUCCA"
"213","UUUGGCACUAGCACAUUUUUGCU"
"214","UAUGGUACUCCUUAAGCUAAC"
"215","GUGAACGGGCGCCAUCCCGAGG"
"216","AGGCACCAGCCAGGCAUUGCUCAGC"
"217","UGUGAUAUCAUGGUUCCUGGGA"
"218","AAACUCUACUUGUCCUUCUGAGU"
"219","CAUUACAGCACAGCCAUUCU"
"220","UAAAAUUUGCAUCCAGGA"
"221","UCACACCUGCCUCGCCCCCC"
"222","CUGCAAUGUAAGCACUUCUUAC"
"223","AGUGGGGAACCCUUCCAUGAGG"
"224","UCUCCCUUCCUGCCCUGGCUAG"
"225","AACGGCAAUGACUUUUGUACCA"
"226","UCACCUGGCUGGCCCGCCCAG"
"227","AAUGUGUAGCAAAAGACAGA"
"228","ACCCCACUCCUGGUACC"
"229","UCUUUUCUUUGAGACUCACU"
"230","AGUGUGGCUUUCUUAGAGC"
"231","CGUGUUCACAGCGGACCUUGAU"
"232","UCCCCUCCACUUUCCUCCUAG"
"233","CGUCCCGGGGCUGCGCGAGGCA"
"234","AAAGACAUAGGAUAGAGUCACCUC"
"235","UCUGGGCAACAAAGUGAGACCU"
"236","GGGAUGGUAGACCGGUGACGUGC"
"237","GGGGAAAGCGAGUAGGGACAUUU"
"238","CUUUCAGUCGGAUGUUUGCAGC"
"239","GGCCUUGUUCCUGUCCCCA"
"240","UUGCCAGGGCAGGAGGUGGAA"
"241","CUCCAGAGGGAUGCACUUUCU"
"242","UCAGUGUCUGGAUUUCCUAG"
"243","AGUGGUUCUUAACAGUUCAACAGUU"
"244","CGUGUCUUCUGGCUUGAU"
"245","CAAAGUGCUCAUAGUGCAGGUAG"
"246","UGCCCCAACAAGGAAGGACAAG"
"247","AUCCCACCUCUGCCACCA"
"248","AAUAAUAUCACAGUAGGUGUAC"
"249","CUGAUAAGAACAGAGGCCCAGAU"
"250","UUUAGUGUGAUAAUGGCGUUUGA"
"251","CUCCCCGGCCUCUGCCCCCAG"
"252","AGGUUGGGAUCGGUUGCAAUGCU"
"253","CAAAAACCGCAAUUACUUUUGCA"
"254","UGCCUUCCUGUCUGUG"
"255","UCACAAGGUAUUGACUGGCGUA"
"256","UUUUGCAUGACCCUGGGAGUAGG"
"257","UAGGAUGGGGGUGAGAGGUG"
"258","AAAAACCACAAUUACUUUUGCACCA"
"259","UGAGGAGAUGCUGGGACUGA"
"260","CGCCUCUUCAGCGCUGUCUUCC"
"261","GGCGACAAAACGAGACCCUGUC"
"262","ACGGGCAGGGCAGUGCACCCUG"
"263","UCAGCUACUACCUCUAUUAGG"
"264","GUGCAUGGCUGUAUAUAUAACA"
"265","GCGACUCUGAAAACUAGAAGGU"
"266","CACUGCAGGACUCAGCAG"
"267","UGCAACGAACCUGAGCCACUGA"
"268","ACUGGACUUGGAGCCAGAAG"
"269","GUGAAUUACCGAAGGGCCAUAA"
"270","UGGCUUUUAACUUUGAUGGC"
"271","CACCCCCUGUUUCCUGGCCCAC"
"272","AAAAUUUCUUUCACUACUUAG"
"273","UAAAGUGCUGACAGUGCAGAU"
"274","UCCAGUACAGGUCUCUCAUUUC"
"275","GUGUGCGGAAAUGCUUCUGCUA"
"276","UGGUAGACUAUGGAACGUAGG"
"277","AAGGUAUUGUUCAGACUUAUGA"
"278","UGAGGGACAGAUGCCAGAAGCA"
"279","GGGCUAGGGCCUGCUGCCCCC"
"280","CGGAUGAGCAAAGAAAGUGGUU"
"281","CCAAACCAGUCGUGCCUGUGG"
"282","CUCAGUGACUCAUGUGC"
"283","CCGCUCUUCCCCUGACCCCAG"
"284","UCUGAAUUGUAAGAGUUGUUA"
"285","UGAGGUAGUAGUUUGUACAGUU"
"286","CAUGACGUCACAGAGGCUUCGC"
"287","CACACAAGUGGCCCCCAACACU"
"288","ACCAGGCAAGAAAUAUUGU"
"289","CCGGCAUGUCCAGGGCA"
"290","GAAGAACUGUUGCAUUUGCCCU"
"291","UUUAAGAAAACACCAUGGAGAU"
"292","CGGGUAGAGAGGGCAGUGGGAGG"
"293","CAAUCACUAACUCCACUGCCAU"
"294","UGGGGGCUGGAUGGGGUAGAGU"
"295","UAAUGAUUCAUCAGACUCAGAU"
"296","UUCUCCAAAAGGGAGCACUUUC"
"297","CUCAAACCGGCUGUGCCUGUGG"
"298","AGGUUGUCCGUGUUGUCUUCUCU"
"299","AAAAGUGCUUACAGUGCAGGUAG"
"300","AACUCUGACCCCUUAGGUUGAU"
"301","GUUGUGUCAGUUUAUCAAAC"
"302","UCAAGUAGUUUCAUGAUAAAGG"
"303","ACACACUUACCCGUAGAGAUUCUA"
"304","UCUGAGUUCCUGGAGCCUGGUCU"
"305","CCUGCUGGUCAGGAGUGGAUACUG"
"306","CAGCAGUGCGCAGGGCUG"
"307","UGGUCAGAGGCAGCAGGAAAUGA"
"308","AGCUACAGUUACUUUUGCACCA"
"309","UGACCUGGGACUCGGACAGCUG"
"310","UGGAUAUGAUGACUGAAA"
"311","CCUGGACACCGCUCAGCCGGCCG"
"312","UGCCUGUCUACACUUGCUGUGC"
"313","AAAUGUCACCUUUUUGAGAGGA"
"314","ACACUUGUUGGGAUGACCUGC"
"315","UUAGGGCCCUGGCUCCAUCUCC"
"316","ACUUGGGCACUGAAACAAUGUCC"
"317","GUAAGGGACCGGAGAGUAGGA"
"318","CUGGCCCUCUCUGCCCUUCCGU"
"319","CCUCAAAUGUGGAGCACUAUUCU"
"320","UGGCCCUGACUGAAGACCAGCAGU"
"321","UAACGCAUAAUAUGGACAUGU"
"322","UGAUAUGUUUGAUAUUGGGUU"
"323","UCCAGGCAGGAGCCGGACUGGA"
"324","AGGCAGCGGGGUGUAGUGGAUA"
"325","ACGGCCCAGGCGGCAUUGGUG"
"326","GAAGUUGCCCAUGUUAUUUUCG"
"327","UAGGACUAGAUGUUGGAAUUA"
"328","CAUCUUCCAGUACAGUGUUGGA"
"329","AAAAGGCGGGAGAAGCCCCA"
"330","ACUUGUAUGCUAGCUCAGGUAG"
"331","CACUGUUUCACCACUGGCUCUU"
"332","UAGGACUGUGCUUGGCACAUAG"
"333","CCUAAUUUGAACACCUUCGGUA"
"334","CCAGAGAUGGUUGCCUUCCUAU"
"335","CGGCGGGGACGGCGAUUGGUC"
"336","UGACAGCGCCCUGCCUGGCUC"
"337","UUAGGGAGUAGAAGGGUGGGGAG"
"338","GCGACCCAUACUUGGUUUCAG"
"339","GCGGAGAGAGAAUGGGGAGC"
"340","CAGGCAGGUGUAGGGUGGAGC"
"341","CAAAAACUGCAAUUACUUUCA"
"342","UGACCUCUCCGCUCCGCACAG"
"343","ACUGGACUAGGAGUCAGAAGG"
"344","GCUGAACUGGGCUGAGCUGGGC"
"345","AGGUUGUCCGUGGUGAGUUCGCA"
"346","CUGCAAAGGGAAGCCCUUUC"
"347","AGGGGUGGUGUUGGGACAGCUCCGU"
"348","UAUGGAGUGGACUUUCAGCUGGC"
"349","UCUCUCGGCUCCUCGCGGCUC"
"350","UCCAGUACCACGUGUCAGGGCCA"
"351","CGCGGGUCGGGGUCUGCAGG"
"352","GCGGGGCUGGGCGCGCG"
"353","UUGGGUUUUCUCUUCAAUCCAG"
"354","UCAAAAUGUAGAGGAAGACCCCA"
"355","GCUAAGGAAGUCCUGUGCUCAG"
"356","GUGCAUUGUAGUUGCAUUGCA"
"357","UGCUGGAUCAGUGGUUCGAGUC"
"358","UCAGGCCUCUUUCUACCUU"
"359","UAGGUUAUCCGUGUUGCCUUCG"
"360","UGACUGAGCUUCUCCCCACAG"
"361","CAGCCACAACUACCCUGCCACU"
"362","CAUCAGCACCCUAUGUCCUUUCU"
"363","AGGGCAUGUCCAGGGGGU"
"364","AAAUCUCUGCAGGCAAAUGUGA"
"365","UCUCUCUGACUCCAUGGCA"
"366","UCACCAGCCCUGUGUUCCCUAG"
"367","UCGGAUCCGUCUGAGCUUGGCU"
"368","CUUGGAUUUUCCUGGGCCUCAG"
"369","GUUUUACCACCUCCAGGAGACU"
"370","AUCACAUUGCCAGGGAUUACC"
"371","UGUUGUACUUUUUUUUUUGUUC"
"372","GUUUCACCAUGUUGGUCAGGC"
"373","CCACUUGGAUCUGAAGGCUGCCC"
"374","AAGCCCUGUCUCCUCCCAUCU"
"375","CUUCCGCCCCGCCGGGCGUCG"
"376","AGCUGUACCUGAAACCAAGCA"
"377","CUAUACAACUUACUACUUUCCC"
"378","CCUAGUAGGUGUCCAGUAAGUGU"
"379","ACCCCUCGUUUCUUCCCCCAG"
"380","AACCCCUAAGGCAACUGGAUGG"
"381","AGUUGCCAGGGCUGCCUUUGGU"
"382","CCUGCGUGUUUUCUGUCCAA"
"383","AUUGCCUAACAUGUGCCAGAA"
"384","CAGCCCCACAGCCUCAGA"
"385","CCUGACCCACCCCCUCCCGCAG"
"386","CUGGGGGACGCGUGAGCGCGAGC"
"387","UAAGUGCUUCCAUGUUUUGGUGA"
"388","CGACCUCGGCGACCCCUCACU"
"389","AAGUUCUGUUAUACACUCAGGC"
"390","GCAGUAGUGUAGAGAUUGGUUU"
"391","GCUGGUGACAUGAGAGGC"
"392","CUGCCAGCCCCGUUCCAGGGCA"
"393","CAAUGGCACAAACUCAUUCUUGA"
"394","UGGGGAGCGGCCCCCGGGUGGG"
"395","GGCGGCGGCGGAGGCGGGGG"
"396","UUCUGAGCUGAGGACAG"
"397","UGGGUAGAGAAGGAGCUCAGAGGA"
"398","AGGCAAGAUGCUGGCAUAGCU"
"399","UGGUGGGCACAGAAUCUGGACU"
"400","GAAAGCGCUUCUCUUUAGAGG"
"401","GCGCUGACCCGCCUUCUCCGCA"
"402","CAUUAUUACUUUUGGUACGCG"
"403","CUGGCGGCUGUGUCUUCACAG"
"404","GUCACUGAUGUCUGUAGCUGAG"
"405","AGUUAGGAUUAGGUCGUGGAA"
"406","CCCAGAUAAUGGCACUCUCAA"
"407","UGUGGACAGUGAGGUAGAGGGAGU"
"408","AAAGAUGGACAAUUGGCUAAAU"
"409","AUCCUCUUUCGUCCUUCCCACU"
"410","AAGGCCUUUCUGAACCUUCAGA"
"411","AGGCCCUGUCCUCUGCCCCAG"
"412","UUGAAGGGACAAGUCAGAUAUGCC"
"413","UGGGCAGGGGCUUAUUGUAGGAG"
"414","CACCUUUGUGUCCCCAUCCUGCA"
"415","UGGGAGGAGGGGAUCUUGGG"
"416","UGGAGACGCGGCCCUGUUGGAGU"
"417","GCUAGUCCUGACUCAGCCAGU"
"418","CUUAUGCAAGAUUCCCUUCUAC"
"419","UCUUCUUCCUUUGCAGAGUUGA"
"420","CUGCCAUGUCUAAGAAGAAAAC"
"421","UGCUGCCUCUCCUCUUGCCUGCAG"
"422","AGGAAACAGGGACCCA"
"423","CCAGGGAGGCUGGUUUGGAGGA"
"424","AACAUAGAGGAAAUUCCACGU"
"425","CUCCCCUCUCUUUCCUGUUCAG"
"426","CUCUCCCUCUUUACCCACUAG"
"427","UGUAAACAUCCUACACUCAGCU"
"428","UUAGAACGUUUUAGGGUCAAAU"
"429","AUAAAGCUAGAUAACCGAAAGU"
"430","CAGCCAGCCCCUGCUCACCCCU"
"431","AGGGGGCGCAGUCACUGACGUG"
"432","UAUCAUGGAGUUGGUAAAGCAC"
"433","UUAGACCUAGUACACGUCCUU"
"434","AACCAGCACCCCAACUUUGGAC"
"435","GAGCUUUUGGCCCGGGUUAUAC"
"436","AGUAUGUUCUUCCAGGACAGAAC"
"437","UGGGGACGUAGCUGGCCAGACAG"
"438","AUAGCAGCAUAAGCCUGUCUC"
"439","CGGGAGCUGGGGUCUGCAGGU"
"440","UGCAUGACCCUUCCCUCCCCAC"
"441","UGUUUUGAUAACAGUAAUGU"
"442","CCCUGUGCCCGGCCCACUUCUG"
"443","UCUCUGGGCCUGUGUCUUAGGC"
"444","GGAGGCGCAGGCUCGGAAAGGCG"
"445","UCUACAGUGCACGUGUCUCCAGU"
"446","UCUGAGAGAGCUCGAUGGCAG"
"447","CACCCGGCUGUGUGCACAUGUGC"
"448","AGAAGUGGCUAAUAAUAUUGA"
"449","CUCACUGAACAAUGAAUGCAA"
"450","GCUCUGACUUUAUUGCACUACU"
"451","UUGCAGCUGCGGUUGUAAGGU"
"452","AAAAACCACAAUUACUUUU"
"453","UGAGUUGGCCAUCUGAGUGAG"
"454","AGGACCUGCGGGACAAGAUUCUU"
"455","AGACUGACCUUCAACCCCACAG"
"456","UCCGUCUCAGUUACUUUAUAGC"
"457","AGAGCUGAGACUAGAAAGCCCA"
"458","UCAGGCAAAGGGAUAUUUACAGA"
"459","AUUUCCCUGCCAUUCCCUUGGC"
"460","UCGUACCGUGAGUAAUAAUGCG"
"461","AAACCGUUACCAUUACUGAGUU"
"462","AAAGGUAAUUGUGGUUUCUGC"
"463","AGCUCUGCUGCUCACUGGCAGU"
"464","UAUAUGGACUUUUCUGAUACAAUG"
"465","GAUCCAUCUCUGCCUGUAUUGGC"
"466","ACAACAGUGACUUGCUCUCCAA"
"467","AGCGCGGGCUGAGCGCUGCCAGUC"
"468","CUCUAGAGGGAAGCACUUUCUG"
"469","GCCGGGGCUUUGGGUGAGGG"
"470","CAGGAAGGAUUUAGGGACAGGC"
"471","UAGAGGAAGCUGUGGAGAGA"
"472","UGGGCUGGCAGGGCAAGUGCUG"
"473","AGCAGCAUUGUACAGGGCUAUGA"
"474","GGUGGGGGGUGUUGUUUU"
"475","CUGCGCAAGCUACUGCCUUGCU"
"476","UGAGUCAGCAACAUAUCCCAUG"
"477","CCCAGUGUUUAGACUAUCUGUUC"
"478","ACAGCACUGCCUGGUCAGA"
"479","UGCAAGACGGAUACUGUCAUCU"
"480","CAGUGAUUUGAGGAUUAUUGC"
"481","AAAGCGCUUCCCUUCAGAGUG"
"482","UCUGUGGAGUGGGGUGCCUGU"
"483","GUGCGUGGUGGCUCGAGGCGGGG"
"484","UGUCACCCGCUCCUUGCCCAG"
"485","UGCUGGCUCAUUUCAUAUGUGU"
"486","CAGUGAUCGUCUCUGCUGGC"
"487","CUGCAAAGGGAAGCCCUUUC"
"488","AUUGGGAACAUUUUGCAUGUAU"
"489","AAGACUGAGAGGAGGGA"
"490","UAGCGGGGAUUCCAAUAUUGG"
"491","CAGGGAGGUGAAUGUGAU"
"492","UGGGCGUAUCUGUAUGCUA"
"493","CCUAGACACCUCCAGUUC"
"494","GCCCUCUGUCACCUUGCAGACG"
"495","AACACACCUGGUUAACCUCUUU"
"496","ACCUUGCCUUGCUGCCCGGGCC"
"497","CAAGUCACUAGUGGUUCCGUU"
"498","GCCCAGGACUUUGUGCGGGGUG"
"499","UCCUCAUCACACUGCACCUUAG"
"500","UUGGAAGCUUGGACCAACUAGCUG"
"501","CUGCAGGCAGAAGUGGGGCUGACA"
"502","AGAAGUAAUUGCGGUUUUGCCA"
"503","UACAGUAUAGAUGAUGUACU"
"504","UCUGGGGAUGAGGACAGUGUGU"
"505","GCCGGACAAGAGGGAGG"
"506","AGGGCAUAGGAGAGGGUUGAUAU"
"507","UUCUCCCACUACCAGGCUCCCA"
"508","ACAAAGUGCUUCCCUUUAGAGU"
"509","CGAGGGCAUUUCAUGAUGCAGGC"
"510","UUAAGACUUGCAGUGAUGUUU"
"511","CCCCGGGGAGCCCGGCG"
"512","GAAAGAGAGCUGAGUGUG"
"513","ACAGGCAGGAUUGGGGAA"
"514","CUUAUCAGAUUGUAUUGUAAUU"
"515","UAACACUGUCUGGUAAAGAUGG"
"516","AAGAGAGGAGCAGUGGUGCUGUGG"
"517","CAAAGAAUUCUCCUUUUGGGCU"
"518","UCCCUGUCCUCCAGGAGCUCACG"
"519","UCCUGUACUGAGCUGCCCCGAG"
"520","GCCUAUCACAUAUCUGCCUGU"
"521","AGAAGGGAAGAUGGUGAC"
"522","AAAAGUAAUUGCGGUCUUUGGU"
"523","AAAAGUAAUUGUGGUUUUUGC"
"524","UAAGGGGUGUAUGGCAGAUGCA"
"525","GGGAUUCUGUAGCUUCCU"
"526","UGAUUGUCUUCAUAUCUAGAAC"
"527","CUGGGAGGUCAAGGCUGCAGU"
"528","UGAGCCUCUCCUUCCCUCCAG"
"529","AGACACUAUACGAGUCAUAU"
"530","UUGUGCUUGAUCUAACCAUGU"
"531","GGUGGCCCGGCCGUGCCUGAGG"
"532","UCAUAUUGCUUCUUUCU"
"533","UGGGCUGAGGGCAGGAGGCCUGU"
"534","UAUGGCUUUUUAUUCCUAUGUGA"
"535","UCAAGGCCAGAGGUCCCACAGCA"
"536","CAGGCGUCUGUCUACGUGGCUU"
"537","UGGGAGGGCGUGGAUGAUGGUG"
"538","AUAGUCCGAGUAACGUCGGGGC"
"539","GUGUUAAUUAAACCUCUAUUUAC"
"540","UUGGGCUGGGCUGGGUUGGG"
"541","CAAAGUGCUGUUCGUGCAGGUAG"
"542","GGUGGAUAUUCCUUCUAUGUU"
"543","UGGGGCGGGGCAGGUCCCUGC"
"544","UUGAAUUCUUGGCCUUAAGUGAU"
"545","AAAAGUACUUGCGGAUUUUGCU"
"546","CUGGGUGAGGGCAUCUGUGGU"
"547","UGAGUGACAGGGGAAAUGGGGA"
"548","GCAGGUGCUCACUUGUCCUCCU"
"549","AAGCUUUUUGCUCGAAUUAUGU"
"550","AACCCAGUGGGCUAUGGAAAUG"
"551","GAUCCCUUUAUCUGUCCUCUAG"
"552","CUCUAGAGGGAAGCACUUUCUC"
"553","CCUCAGAUCAGAGCCUUGC"
"554","CCUCACCACCCCUUCUGCCUGCA"
"555","CAGGGAACAGCUGGGUGAGCUGCU"
"556","UAUGUGACCUCGGAUGAAUCA"
"557","CCUAGAAACUGUAAACUUAGUC"
"558","UAACAUAAUAGUGUGGAUUGA"
"559","CUUGGGAGCCCUGUUAGACUC"
"560","UUCCACUGCCACUACCUAAUUU"
"561","UCGGCCUGGGGAGGAGGAAGGG"
"562","CCUGCAACUUUGCCUGAUCAGA"
"563","GAACGCCUGUUCUUGCCAGGUGG"
"564","UCCUGCGUAGGAUCUGAGGAGU"
"565","CCCCGGUGUUGGGGCGCGUCUGC"
"566","ACAUUUUCCAGCCCAUUCA"
"567","UCCUACGCUGCUCUCUCACUCC"
"568","CCCUUCCCUCACUCUUCUCUCAG"
"569","CACUGUGUCCUUUCUGCGUAG"
"570","UAUGUAACAUGGUCCACUAACU"
"571","UCUCACUGUAGCCUCGAACCCC"
"572","CCCAGCAGGACGGGAGCG"
"573","GCCCCGGCGCGGGCGGGUUCUGG"
"574","CCUGCGAGUCUCCGGCGGUGG"
"575","UGCCUACUGAGCUGAUAUCAGU"
"576","UGUGAUAUCAUGGUUCCUGGGA"
"577","UAGUUCUUCCCUUUGCCCAAUU"
"578","AGGGGGAUGGCAGAGCAAAAUU"
"579","GCGGAAGGCGGAGCGGCGGA"
"580","AAAAGCACUUUUCUGUCUCCCAG"
"581","AGAGUUAACUCAAAAUGGACUA"
"582","UUGCACUCUGGCCUUCUCCCAGG"
"583","CAACCCUAGGAGAGGGUGCCAUUCA"
"584","CAUUCAACUAGUGAUUGU"
"585","ACCAAGUCUGCGUCAUCCUCUC"
"586","GCCUCUCUCGGAGUCGCUCGGA"
"587","UAGACGUGGUGAAGGAUUGAGUG"
"588","UUUCAGAUAACAGUAUUACAU"
"589","AAGUAGUUGGUUUGUAUGAGAUGGUU"
"590","AUGGGGUGAGAUGGGGAGGAGCAGC"
"591","AUAUUACCAUUAGCUCAUCUUU"
"592","ACUCAAAAUGGGGGCGCUUUCC"
"593","AGGCACGGUGUCAGCAGGC"
"594","AAAAGUAAUUGCGGUUUUUGCC"
"595","AAUUGCACUUUAGCAAUGGUGA"
"596","UGGUCUAGGAUUGUUGGAGGAG"
"597","GGCUUGCAUGGGGGACUGG"
"598","CUCGGCCGCGGCGCGUAGCCCCCGCC"
"599","UGGGCUCAGGGUACAAAGGUU"
"600","CAAAAACUGCAAUUACUUUUGC"
"601","AGGAUAGGAAGAAUGAAGUGCU"
"602","UGAAACUGGAGCGCCUGGAGGA"
"603","UGGUGGUUUACAAAGUAAUUCA"
"604","CUCCUCCACAGCCCCUGCUCAU"
"605","UCUGGCCUUGACUUGACUCUUU"
"606","UGAGGGGCAGAGAGCGAGACUUU"
"607","GAUGAUGAUGGCAGCAAAUUCUGAAA"
"608","AGGAGAAGUAAAGUAGAA"
"609","UAACACUGUCUGGUAACGAUGU"
"610","UGGGGGAGAUGGGGGUUGA"
"611","UACUGCAGACAGUGGCAAUCA"
"612","AGCCCCCUGGCCCCAAACCC"
"613","AAAUUAUUGUACAUCGGAUGAG"
"614","AAAGUCUCGCUCUCUGCCCCUCA"
"615","AAAAACUGAGACUACUUUUGCA"
"616","GCUGGUUUCAUAUGGUGGUUUAGA"
"617","CAGGAUGUGGUCAAGUGUUGUU"
"618","CAAAAACCGGCAAUUACUUUUG"
"619","CUCCUGGGGCCCGCACUCUCGC"
"620","GAGUGCCUUCUUUUGGAGCGUU"
"621","CAGAUCAUGGGACUGUCUCAG"
"622","CGCAGACAAUGCCUACUGGCCUA"
"623","UAGUGGUCCUAAACAUUUCACA"
"624","AAUAUAACACAGAUGGCCUGU"
"625","ACAUUGCCAGGGAGUUU"
"626","UGUGACUUUAAGGGAAAUGGCG"
"627","UAAUGCCCCUAAAAAUCCUUAU"
"628","UAAUCUCAGCUGGCAACUGUGA"
"629","UACUCUGGAGAGUGACAAUCAUG"
"630","UCUGGCCAGCUACGUCCCCA"
"631","UGGGGGGACAGGAUGAGAGGCUGU"
"632","UGGCGGCGGUAGUUAUGGGCUU"
"633","UUGAGGGGAGAAUGAGGUGGAGA"
"634","UUAAUGCUAAUCGUGAUAGGGGU"
"635","CACUGUAGGUGAUGGUGAGAGUGGGCA"
"636","UAAAAACUGCAAUUACUUUC"
"637","CAAAUGGACAGGAUAACACCU"
"638","AGGGGACCAAAGAGAUAUAUAG"
"639","CUAUACGACCUGCUGCCUUUCU"
"640","UCUAGAGGAAGCACUUUCUGUUU"
"641","UGAGGUGACCGCAGAUGGGAA"
"642","CGGCUGGAGGUGUGAGGA"
"643","GUGGGGGAGAGGCUGUC"
"644","AUGCACCUGGGCAAGGAUUCUG"
"645","AACAGGUGACUGGUUAGACAA"
"646","AAGCUGCCAGUUGAAGAACUGU"
"647","AGAAUUGUGGCUGGACAUCUGU"
"648","AAAGGUAAUUGCAGUUUUUCCC"
"649","UAGUAGACCGUAUAGCGUACG"
"650","GCAGAUCAGGACUGUAACUCACC"
"651","CCCAUCACCUUUCCGUCUCCCCU"
"652","UGCAACUUACCUGAGUCAUUGA"
"653","UUAGUGAAGGCUAUUUUAAUU"
"654","GGUUGGGCAGUGAGGAGGGUGUGA"
"655","CCCCGGGAACGUCGAGACUGGAGC"
"656","UAAUGCAUUAAAUUAUUGAAGG"
"657","UGGAGUUAAGGGUUGCUUGGAGA"
"658","CAAAUGAGCUUAAUUUCCUUUU"
"659","CCGGGGCAGAUUGGUGUAGGGUG"
"660","UAAUGCCCCUAAAAAUCCUUAU"
"661","AGGAGGACAAGUUGUGGGAU"
"662","AGAAGGGGUGAAAUUUAAACGU"
"663","GUAAGCAGGGGCUCUGGGUGA"
"664","AUUGCCUCUGUUCUAACACAAG"
"665","CUGUUGCCACUAACCUCAACCU"
"666","GCUAUUUCACGACACCAGGGUU"
"667","GAAUACUAAGUAAAAAAUCAGUA"
"668","ACGUUUGAAUGCUGUACAAGGC"
"669","CUUGAGUCGUGCCUUUCUGAAUG"
"670","AAUGCACCUGGGCAAGGAUUCA"
"671","ACAGGCGGCUGUAGCAAUGGGGG"
"672","UCUGGCUGUUGUGGUGUGCAA"
"673","UACUGCAGACGUGGCAAUCAUG"
"674","AAUGGCUGUCCGUAGUAUGGUC"
"675","UGGGUGGAAGAAGGUCUGGUU"
"676","ACAGGGCCGCAGAUGGAGACU"
"677","UUUCCCUUCAGAGCCUGGCUUU"
"678","GGGACCAUCCUGCCUGCUGUGG"
"679","AAUCCUUGCUACCUGGGU"
"680","CUGCCAAUUCCAUAGGUCACAG"
"681","AUGUGGGCUCAGGCUCA"
"682","AUCGUGCAUCCCUUUAGAGUGU"
"683","GCAGGAACUUGUGAGUCUCCU"
"684","AGUGGGAGGCCAGGGCACGGCA"
"685","CCCUGUUCUAUGCCCUGAGGGA"
"686","UAGUCCCUUCCUUGAAGCGGUC"
"687","CUCAGUAGCCAGUGUAGAUCCU"
"688","UGUGACAGAUUGAUAACUGAAA"
"689","AUUCUCUCUGGAUCCCAUGGAU"
"690","UGAGAACCACGUCUGCUCUGAG"
"691","CCAGUAUUAACUGUGCUGCUGA"
"692","AACCAUCGACCGUUGAGUGGAC"
"693","AUCGUGCAUCCCUUUAGAGUGU"
"694","CCAAAACUGCAGUUACUUUUGC"
"695","CACAAGGUAUUGGUAUUACCU"
"696","CGGGUGGGAGCAGAUCUUAUUGAG"
"697","AUACCUCAUCUAGAAUGCUGUA"
"698","ACCACUGACCGUUGACUGUACC"
"699","UCCCAAGGGUGAGAUGCUGCCA"
"700","GCCCUGACCUGUCCUGUUCUG"
"701","UUUUUCAUUAUUGCUCCUGACC"
"702","AGCCUUCCAGGAGAAAUGGAGA"
"703","AGGGCUUAGCUGCUUGUGAGCA"
"704","UAUACCUCAGUUUUAUCAGGUG"
"705","CACAUGGCCGAAACAGAGAAGU"
"706","GCAGGCACAGACAGCCCUGGC"
"707","GGUAGAUUUUCCUUCUAUGGU"
"708","AGGAGGCAGCGCUCUCAGGAC"
"709","AAGUGAUCUAAAGGCCUACAU"
"710","AGAGGCUGAGAAGGUGAUGUUG"
"711","CCUGCAGCGACUUGAUGGCUUCC"
"712","AUCUGACCUGAUGAAGGU"
"713","CCUCUAGAUGGAAGCACUGUCU"
"714","AGCCAAGUGGAAGUUACUUUA"
"715","UCUUGAAGUCAGAACCCGCAA"
"716","AUGGAGAAGGCUUCUGA"
"717","UCCCUCUCCCACCCCUUGCAG"
"718","GACAGAGUGCCACUUACUGAA"
"719","UAAGGUGCAUCUAGUGCAGUUAG"
"720","UAAGGUGCAUCUAGUGCAGAUAG"
"721","AAUUCUGUAAAGGAAGAAGAGG"
"722","UAGCCCCCAGGCUUCACUUGGCG"
"723","ACUGUCACUUCUCUGCCCAUAG"
"724","CAAAGUCCUUCCUAUUUUUCCC"
"725","CAACAAAUCACAGUCUGCCAUA"
"726","ACUGGAUUUGGAGCCAGAA"
"727","UCUGGAUUGAAGAGACGACCCA"
"728","UUCGCCACUUCCCUCCCUGCAG"
"729","GAACGGCUUCAUACAGGAGUU"
"730","CAUCCGUCCGUCUGUCCAC"
"731","UUAUAAUACAACCUGAUAAGUG"
"732","UCAAGUGUCAUCUGUCCCUAG"
"733","AUAGCAGCAUGAACCUGUCUCA"
"734","CACUAGAUUGUGAGCUCCUGGA"
"735","UGGGCCAGGGAGCAGCUGGUGGG"
"736","UUGUGAAGAAAGAAAUUCUUA"
"737","AUGUGAUUGACGGCUGACUCCA"
"738","UACCCUGUAGAUCCGAAUUUGUG"
"739","CUGGUUUCACAUGGUGGCUUAG"
"740","AUAGUGGGAAGCUGGCAGAUUC"
"741","CAAAGUUUAAGAUCCUUGAAGU"
"742","UUCUCAAGAGGGAGGCAAUCAU"
"743","AGGGAUCGCGGGCGGGUGGCGGCCU"
"744","UUUGCAGUAACAGGUGUGAGCA"
"745","ACUGUAAACGCUUUCUGAUG"
"746","CAUGCUAGGAUAGAAAGAAUGG"
"747","AGCCCGCCCCAGCCGAGGUUCU"
"748","ACUGGGCAGGGCUGUGGUGAGU"
"749","UCCAGCUCGGUGGCAC"
"750","UUGCACUUGUCUCAGUGA"
"751","UACUCAGGAGAGUGGCAAUCAC"
"752","GCCCCGGGCAGUGUGAUCAUC"
"753","AGGGCCAGAGGAGCCUGGAGUGG"
"754","CAACCUGGAGGACUCCAUGCUG"
"755","GUGGCUGCACUCACUUCCUUC"
"756","ACCCAGGUUCCCUCUGGCCGCA"
"757","UAAAGUAAAUAUGCACCAAAA"
"758","UACAGUACUGUGAUAACUGAA"
"759","UGGAGAGAGAAAAGAGACAGAAG"
"760","UGGGAAUGGGGGUAAGGGCC"
"761","GCUCUGACGAGGUUGCACUACU"
"762","UGAUGGAUAAAAGACUACAUAUU"
"763","CUGAAGCUCAGAGGGCUCUGAU"
"764","AGCUGAGCUCCAUGGACGUGCAGU"
"765","AACUGGCCCUCAAAGUCCCGCU"
"766","UCAGAACAAAUGCCGGUUCCCAGA"
"767","UGGACCUCUCCUCCCCAG"
"768","UGAGGGAGGAGACUGCA"
"769","AGGCGCACCCGACCACAUGC"
"770","UCAAAUGCAGAUCCUGACUUC"
"771","UGAGGGGUUUGGAAUGGGAUGG"
"772","AAAGUGCUUCCCUUUGGACUGU"
"773","UCUGGGAGGUUGUAGCAGUGGAA"
"774","AUGCCUCCCCCGGCCCCGCAG"
"775","UGGUUCUCUUGUGGCUCAAGCGU"
"776","UGCAAAAGUAAUUGCAGUUUUUG"
"777","AUCUGUCUCGAUUGUUUCCAG"
"778","UGUGGGUUCUGGGUUGGGGUGA"
"779","UGCUGAUGGCAGAUGUCGGGUCUG"
"780","GCCCGCGUGUGGAGCCAGGUGU"
"781","AAUAAAGUUCAUGUAUGGCAA"
"782","UGGCUCAGUUCAGCAGGAACAG"
"783","UGGGGAGGUGUGGAGUCAGCAU"
"784","UCAGGUGUGGAAACUGAGGCAG"
"785","UCUAGAAAUGCAUGACCCACC"
"786","CUUCCUCGUCUGUCUGCCCC"
"787","UACGUCAUCGUUGUCAUCGUCA"
"788","UUGGGCCCAGGAGUAAACAGGAU"
"789","AAAAGGCAUUGUGGUUUUUG"
"790","UGUGACUGGUUGACCAGAGGGG"
"791","UCUGUGCUACUGGAUGAAGAGU"
"792","CAGGGCCUCACUGUAUCGCCCA"
"793","UGGGAAAGACAAACUCAGAGUU"
"794","UCGGGCCUGGGGUUGGGGGAGC"
"795","UGGUUCUAGACUUGCCAACUA"
"796","GACUAUAGAACUUUCCCCCUCA"
"797","ACUCAAAACCCUUCAGUGACUU"
"798","AGCUGGUGUUGUGAAUCAGGCCG"
"799","GGCUCCUUGGUCUAGGGGUA"
"800","AGGCUGGAGUGAGCGGAG"
"801","AUAGGACUCAUAUAGUGCCAG"
"802","UCAGCACCAGGAUAUUGUUGGAG"
"803","UGUCCUCUGUUCCUCAG"
"804","UUGGAAUAGGGGAUAUCUCAGC"
"805","AGGGACUUUUGGGGGCAGAUGUG"
"806","GAAGGACCUGCACCUUCG"
"807","UAUGUAAUAUGGUCCACAUCUU"
"808","AUCAUACAAGGACAAUUUCUUU"
"809","AGAGCUGGCUGAAGGGCAG"
"810","CAAAAGUAAUUGUGGAUUUUGU"
"811","UACUGCAUCAGGAACUGAUUGGA"
"812","CACUGGCUCCUUUCUGGGUAGA"
"813","UAGGGGGCGGCUUGUGGAGUGU"
"814","AAGCAAUACUGUUACCUGAAAU"
"815","UAGGCCUUUAGAUCACUUAAA"
"816","CUAUACGGCCUCCUAGCUUUCC"
"817","AGGACCUUCCCUGAACCAAGGA"
"818","CUCUCUGGCCGUCUACCUUCCA"
"819","UGCCCUUCUCUCCUCCUGCCU"
"820","UGGGGCGGAGCUUCCGGAGGCC"
"821","UGAGGCUCUGUUAGCCUUGGCUC"
"822","UAACAAACACCUGUAAAACAGC"
"823","CCCAUGCCUCCUGCCGCGGUC"
"824","UGGACUGCCCUGAUCUGGAGA"
"825","UGAGGAUAUGGCAGGGAAGGGGA"
"826","UGUGUGUGUAGAGGAAGAAGGGA"
"827","CCAGACUGUGGCUGACCAGAGG"
"828","AAAAGUAAUUGCGGUUUUUGCC"
"829","CGGGGCCGUAGCACUGUCUGAGA"
"830","CGGGGUCGGCGGCGACGUG"
"831","CGAAUCAUUAUUUGCUGCUCUA"
"832","UUCAUUUGCCUCCCAGCCUACA"
"833","UGUCAGUGACUCCUGCCCCUUGGU"
"834","AGACAGUAGUUCUUGCCUGGUU"
"835","AGAGGUAGGUGUGGAAGAA"
"836","AACAUUCAUUGCUGUCGGUGGGU"
"837","UAGGUAGUUUCCUGUUGUUGGG"
"838","UGCUCAGGUUGCACAGCUGGGA"
"839","AGAUGUCCAGCCACAAUUCUCG"
"840","AGCGGUGCUCCUGCGGGCCGA"
"841","CCUCAGGGCUGUAGAACAGGGCU"
"842","CCCCUGGGGCUGGGCAGGCGGA"
"843","AGGUUACCCGAGCAACUUUGCAU"
"844","UACUCCAGAGGGCGUCACUCAUG"
"845","UGUCCUCUAGGGCCUGCAGUCU"
"846","UGUGACAAUAGAGAUGAACAUG"
"847","GUGCGGAACGCUGGCCGGGGCG"
"848","UGCGACAUUGGAAGUAGUAUCA"
"849","UUUCCAUAGGUGAUGAGUCAC"
"850","GGUGGGCUUCCCGGAGGG"
"851","GCUCCCUCUAGGGUCGCUCGGA"
"852","CGCACCUGCCUCUCACCCACAG"
"853","AUUGAAACCUCUAAGAGUGGA"
"854","UAGUACCAGUACCUUGUGUUCA"
"855","AAAAGUAAUUGCGGUCUUU"
"856","CCUGAUCCCACAGCCCACCU"
"857","UUUGAGGCUACAGUGAGAUGUG"
"858","CGGGGUUUUGAGGGCGAGAUGA"
"859","GAUAUUCAGAGGCUAGGUGG"
"860","UGGCCCAAGACCUCAGACC"
"861","GAAGACUUCUUGGAUUACAGGGG"
"862","AGUGCCUGAGGGAGUAAGAGCCC"
"863","CAGCAGGGGAGAGAGAGGAGUC"
"864","UGAGGAUGGAUAGCAAGGAAGCC"
"865","CGGGCGUGGUGGUGGGGGUG"
"866","UGAGGGAGUUGGGUGUAUA"
"867","UUGGGGAUUGGGUCAGGCCAGU"
"868","UCUGUCAUUUCUUUAGGCCAAUA"
"869","CUGGGAGGUGGAUGUUUACUUC"
"870","UGGCUGUUGGAGGGGGCAGGC"
"871","UCUGGCUAUCUCACGAGACUGU"
"872","UCCUGCCACCUCCUCCGCAG"
"873","UUCUCGAGGAAAGAAGCACUUUC"
"874","UGUAGGCAUGAGGCAGGGCCCAGG"
"875","UAGCACCAUUUGAAAUCAGUGUU"
"876","UGGGAUCCAGACAGUGGGAGAA"
"877","UGUUGUCAUGUUUUUUCCCUAG"
"878","AUGUCCCACCCCCACUCCUGU"
"879","UUUCUUCUUAGACAUGGCAGCU"
"880","CGGGACUGUAGAGGGCAUGAGC"
"881","UUUGGGAUUGACGCCACAUGUCU"
"882","UCUCGCAUCAGGAGGCAAGG"
"883","UAUAUAUACAGCCAUGCACUC"
"884","UGUCUUGCAGGCCGUCAUGCA"
"885","AGGCUGUGAUGCUCUCCUGAGCCC"
"886","CACACAGGAAAAGCGGGGCCCUG"
"887","AUCAUGUAUGAUACUGCAAACA"
"888","UAAUACUGCCUGGUAAUGAUGA"
"889","AAAAGUAAUUGCAGUUUUUGC"
"890","GGGAUAUGAAGAAAAAU"
"891","AGGAGGGAGGAGAUGGGCCAAGUU"
"892","UCGGGCGCAAGAGCACUGCAGU"
"893","UUUUCAACUCUAAUGGGAGAGA"
"894","AUCCGCGCUCUGACUCUCUGCC"
"895","CUGGAUGGCUCCUCCAUGUCU"
"896","GCUCAUCCCCAUCUCCUUUCAG"
"897","CACCGACUCUGUCUCCUGCAG"
"898","ACUGACAGGAGAGCAUUUUGA"
"899","UCUUACUCCCUCAGGCACUG"
"900","AAACUACUGAAAAUCAAAGAU"
"901","UGGGGCGGAGCUUCCGGAG"
"902","AUCAACAGACAUUAAUUGGGCGC"
"903","AAGUGCCUCCUUUUAGAGUGUU"
"904","UCGAGGAGCUCACAGUCUAGU"
"905","ACUGGGCUUGGAGUCAGAAG"
"906","ACUGAUUUCUUUUGGUGUUCAG"
"907","CCCUCAUCUUCCCCUCCUUUC"
"908","UUGCCUGCCCUCUUCCUCCAG"
"909","AACGCACUUCCCUUUAGAGUGU"
"910","UCUCUGGAGGGAAGCACUUUCUG"
"911","AAGCAGCUGCCUCUGAGGC"
"912","UUACGGACCAGCUAAGGGAGGC"
"913","GAGCUUAUUCAUAAAAGUGCAG"
"914","GGGGUGGUCUGUUGUUG"
"915","UCGCCUCCUCCUCUCCC"
"916","AGGAGAGUGGAUUCCAGGUGGU"
"917","UGUGUCCCAUUAUUGGUGAUU"
"918","UCAGUGCACUACAGAACUUUGU"
"919","GUCCUCCAGGCCAUGAGCUGCGG"
"920","GGUGGGGCAAUGGGAUCAGGU"
"921","GAAAGUACAGAUCGGAUGGGU"
"922","UUUCUAUUUCUCAGUGGGGCUC"
"923","UGGUCGACCAGUUGGAAAGUAAU"
"924","UGGCCCUUUGUACCCCUCCAG"
"925","AGCUCUAGAAAGAUUGUUGACC"
"926","AUUUGUGCUUGGCUCUGUCAC"
"927","CGAAAACAGCAAUUACCUUUGC"
"928","UCAGCUCCUCUCUACCCACAG"
"929","AGGCCUCUGUGACGUCACGGUGU"
"930","UGCCUAGGCUGAGACUGCAGUG"
"931","ACUGCCCCAGGUGCUGCUGG"
"932","ACAGUCUGCUGAGGUUGGAGC"
"933","GUCCUAGGAGGCUCCUCUG"
"934","UCUUGUGUUCUCUAGAUCAGU"
"935","CUGCAGCCACUUGGGGAACUGGU"
"936","ACAAAGUGCUUCCCUUUAGAGUGU"
"937","UCAGCUGGCCCUCAUUUC"
"938","UAAGGCACCCUUCUGAGUAGA"
"939","AUGCAGGCCUGUGUACAGCACU"
"940","UCGGGGCAUGGGGGAGGGAGGCUGG"
"941","UGUGGGUGGGAAGGACUGGAUU"
"942","CUGCAGACUCGACCUCCCAGGC"
"943","UGCUAUGCCAACAUAUUGCCAU"
"944","UCUUCAACCUCAGGACUUGCA"
"945","CAUCAGAAUUCAUGGAGGCUAG"
"946","UUUCCUGUCCUCCAACCAGACC"
"947","AUAGUGGUUGUGAAUUUACCUU"
"948","AGAAAGGGUGGCAAUACCUCUU"
"949","AAAGGUCAUUGUAAGGUUAAUGC"
"950","CUUAUAUCAGAGGCUGUGGG"
"951","UUGUUCUCAAACUGGCUGUCAGA"
"952","UUCACCCCUCUCACCUAAGCAG"
"953","UUGGGAGGGAAGACAGCUGGAGA"
"954","UCAGGCUCAGUCCCCUCCCGAU"
"955","UGAGAAGGCACAGCUUGCACGUGA"
"956","AAUCAUUCACGGACAACACUU"
"957","UUGUGGAUCUCAAGGAUGUGCU"
"958","UUGGCCACCACACCUACCCCUU"
"959","UGGGGGCUGGGAUGGGCCAUGGU"
"960","CUGGGCCCGCGGCGGGCGUGGGG"
"961","UAAGGCACGCGGUGAAUGCC"
"962","AACUAGUAAUGUUGGAUUAGGG"
"963","AAAAGCAUCAGGAAGUACCCA"
"964","AAUCAUGUGCAGUGCCAAUAUG"
"965","ACAGGGAGGAGAUUGUA"
"966","GUGGACCUGGCUGGGAC"
"967","UGACUAACUCCCACUCUACAG"
"968","GAGCCAGUGGUGAGACAGUGA"
"969","CCAGACAGAAUUCUAUGCACUUUC"
"970","AAAAGCUGGGUUGAGAGGA"
"971","CUCUUGAGGGAAGCACUUUCUGU"
"972","GUGGGCUGGGCUGGGCUGGGCC"
"973","UGGCCAAAAAGCAGGCAGAGA"
"974","UUCAACGGGUAUUUAUUGAGCA"
"975","UAGGGGCAGCAGAGGACCUGGG"
"976","AGCUACAUCUGGCUACUGGGU"
"977","AGACUUCCCAUUUGAAGGUGGC"
"978","ACACCCUCUUUCCCUACCGCC"
"979","GCGGCGAGUCCGACUCAU"
"980","UUGCUCACUGUUCUUCCCUAG"
"981","UGUCUAUACUCUGUCACUUUAC"
"982","UUCAAGUAAUUCAGGUG"
"983","UAUGUAGUAGUCAAAGGCAUUU"
"984","UCACUGUUCAGACAGGCGGA"
"985","UGACUCUGCCUGUAGGCCGGU"
"986","AAUCACUAACCACACGGCCAGG"
"987","UCUCACCCCAACUCUGCCCCAG"
"988","UCUGCUCAUACCCCAUGGUUUCU"
"989","CUCGGGAGGGCAUGGGCCAGGC"
"990","AUUCUUCCUGCCCUGGCUCCAU"
"991","AGAGAAGAAGAUCAGCCUGCA"
"992","UGGAUGUGGAAGGAGUUAUCU"
"993","CGGCGCCCGUGUCUCCUCCAG"
"994","CCUGUGGGCCACCUAGUCACCAA"
"995","ACAGUAGAGGGAGGAAUCGCAG"
"996","CUAGUGAGGGACAGAACCAGGAUUC"
"997","AACUGGCCUACAAAGUCCCAGU"
"998","AGAGGAUACCCUUUGUAUGUU"
"999","ACAGAGGACAGUGGAGUGUGAGC"
"1000","CCUGAGCCCGGGCCGCGCAG"
"1001","ACCCUCGUCAGGUCCCCGGGG"
"1002","UUUCUCUCUCCACUUCCUCAG"
"1003","UACGUAGAUAUAUAUGUAUUUU"
"1004","CUUGCCAUCCUGGUCCACUGCAU"
"1005","CGGCCCGGGCUGCUGCUGUUCCU"
"1006","UGCCUGGAACAUAGUAGGGACU"
"1007","AUAAGACGAGCAAAAAGCUUGU"
"1008","CUGGGAGAAGGCUGUUUACUCU"
"1009","CUUUCAGUCGGAUGUUUACAGC"
"1010","UCUGGCUCCGUGUCUUCACUCCC"
"1011","ACUGGGAAGAGGAGCUGAGGGA"
"1012","GUGGAGUCCUGGGGAAUGGAGA"
"1013","AGCUACAUUGUCUGCUGGGUUUC"
"1014","UAGGAGCUCAACAGAUGCCUGUU"
"1015","CCUCUAAAGGGAAGCGCUUUCU"
"1016","UGCUGUAUUGUCAGGUAGUGA"
"1017","ACUGUAGUAUGGGCACUUCCAG"
"1018","AAUCGGACCCAUUUAAACCGGAG"
"1019","AAUGGCGCCACUAGGGUUGUG"
"1020","AUGCGAGGAUGCUGACAGUG"
"1021","GGCGGGUGCGGGGGUGG"
"1022","UUUCAAGCCAGGGGGCGUUUUUC"
"1023","GCUGCGGGCUGCGGUCAGGGCG"
"1024","CUCGGCGCGGGGCGCGGGCUCC"
"1025","UCUGGUAAGAGAUUUGGGCAUA"
"1026","CUUGGGGCAUGGAGUCCCA"
"1027","AGCUUCCAUGACUCCUGAUGGA"
"1028","AGGUAUUGCCACCCUUUCUAGU"
"1029","UUAGCCAAUUGUCCAUCUUUAG"
"1030","CUAAUAGUAUCUACCACAAUAAA"
"1031","UUCCGCCAGUCGGUGGCCGG"
"1032","UGGGAACUUAGUAGAGGUUUAA"
"1033","UAACAGUCUCCAGUCACGGCC"
"1034","CUAGCACACAGAUACGCCCAGA"
"1035","GUGAGGACUCGGGAGGUGG"
"1036","UGAUCAGGCAAAAUUGCAGACU"
"1037","UCUCUGGUCUUUCCUUGACAG"
"1038","AAGGGCUUCCUCUCUGCAGGAC"
"1039","UCUGAAUAGAGUCUGAAGAGU"
"1040","UUUGGGACUGAUCUUGAUGUCU"
"1041","AAAACGGUGAGAUUUUGUUUU"
"1042","UGUCUUCUCUCCUCCCAAACAG"
"1043","AUGUAUAAAUGUAUACACAC"
"1044","GAAGGCAGCAGUGCUCCCCUGU"
"1045","UUGUGUCAAUAUGCGAUGAUGU"
"1046","GUGGGUGCUGGUGGGAGCCGUG"
"1047","UGCCCCAUCUGUGCCCUGGGUAGGA"
"1048","AUGAAGUGCACUCAUGAUAUGU"
"1049","CACCAGGGCAGAGCAGGGCUGA"
"1050","AAGGCAGGGCCCCCGCUCCCC"
"1051","CAGUGCCUCGGCAGUGCAGCCC"
"1052","GAAAAUCCUUUUUGUUUUUCCAG"
"1053","UUGGCCACAAUGGGUUAGAAC"
"1054","ACUCUAGCUGCCAAAGGCGCU"
"1055","GGUCUAGGCCCGGUGAGAGACUC"
"1056","AGGAGAAGUCGGGAAGGU"
"1057","CCUCUGAAAUUCAGUUCUUCAG"
"1058","UAGGCAGUGUAUUGCUAGCGGCUGU"
"1059","GGGUUUGUAGCUUUGCUGGCAUG"
"1060","CACCUCUCCUGGCAUCGCCCC"
"1061","AGACAUCAAGAUCAGUCCCAAA"
"1062","ACUCGCAUCCUUCCCUUGGCAG"
"1063","UCGCGCCCCGGCUCCCGUUC"
"1064","AGGCCUGUGGCUCCUCCCUCAG"
"1065","AAAACUGCAGUUACUUUUGC"
"1066","UUAUUGUCACGUUCUGAUU"
"1067","UUGGGAUCAUUUUGCAUCCAUA"
"1068","CGUGGAGGACGAGGAGGAGGC"
"1069","CUCCGGGACGGCUGGGC"
"1070","CCUGGGCAGCGUGUGGCUGAAGG"
"1071","UGCGGCAGAGCUGGGGUCA"
"1072","CCGUCGCCGCCACCCGAGCCG"
"1073","UAAAUAGAGUAGGCAAAGGACA"
"1074","CUGGACUUUGAUCUUGCCAUAA"
"1075","AACUGUUUGCAGAGGAAACUGA"
"1076","GUCCCUCUCCAAAUGUGUCUUG"
"1077","UCGUGGCCUGGUCUCCAUUAU"
"1078","UGGUCUGUCUCUGCCCUGGCAC"
"1079","AAAGAUCUGGAAGUGGGAGACA"
"1080","CGGGUGGAUCACGAUGCAAUUU"
"1081","UACCUGGGAGACUGAGGUUGGA"
"1082","UGUGUUAGAAUAGGGGCAAUAA"
"1083","AAAGUGCUUCCUUUUUGAGGG"
"1084","GUUCAAAUCCAGAUCUAUAAC"
"1085","UAGGGGAAAAGUCCUGAUCCGG"
"1086","CUCUAGAGGGAAGCACUUUCUG"
"1087","UCUGAAAGAGCAGUUGGUGUU"
"1088","UUGAGAAUGAUGAAUCAUUAGG"
"1089","AAGGGGGAAGGAAACAUGGAGA"
"1090","UGGGGUAAGGAUAGGAGGGUCA"
"1091","AGGCGGAGACUUGGGCAAUUG"
"1092","GGGGCGCGGCCGGAUCG"
"1093","CAAGAACCUCAGUUGCUUUUGU"
"1094","CGGGGUGGGUGAGGUCGGGC"
"1095","UUCGGUAUACUUUGUGAAUUGG"
"1096","AAAGUUCUGAGACACUCCGACU"
"1097","AAUGUUGGAAUCCUCGCUAGAG"
"1098","GAGCUUGGAUGAGCUGGGCUGA"
"1099","UGCAGGGGUCGGGUGGGCCAGG"
"1100","UCCAUGUUUCCUUCCCCCUUCU"
"1101","ACAAAGUACAGCAUUAGCCUUAG"
"1102","CACCCGUAGAACCGACCUUGCG"
"1103","AAAAGUAAUUGCGGUUUUUGC"
"1104","UGAAACAUACACGGGAAACCUC"
"1105","CUCAUCUGCAAAGAAGUAAGUG"
"1106","AGUUUUGCAGGUUUGCAUUUCA"
"1107","ACCUGGCAUACAAUGUAGAUUU"
"1108","CUGUGGGCUCAGCGCGUGGGG"
"1109","CUCCUCUGUUUUCUUUCCUAG"
"1110","CCUGAGACCCUAGUUCCAC"
"1111","CAAAACCGCAGUAACUUUUGU"
"1112","UCAGUCACAUAUCUAGUGUCUA"
"1113","UCUCAGGAGUAAAGACAGAGUU"
"1114","UGUGGGACUGCAAAUGGGAG"
"1115","CUAUACAGUCUACUGUCUUUCC"
"1116","GCGACCCACUCUUGGUUUCCA"
"1117","UGCGGGGACAGGCCAGGGCAUC"
"1118","AAAACUAGGACUGUGUGGUGUA"
"1119","AGGAUUUCAGAAAUACUGGUGU"
"1120","CACCCAGAUCUGCGGCCUAAU"
"1121","AGUGGCACAUGUUUGUUGUGAG"
"1122","AUGACCUAUGAAUUGACAGAC"
"1123","UGGGAACGGGUUCCGGCAGACGCUG"
"1124","UGAAGUUACAUCAUGGUCGCUU"
"1125","UAAAUCCCAUGGUGCCUUCUCCU"
"1126","UGAAGCUCUGACAUUCCUGCAG"
"1127","CCUGGCAUAUUUGGUAUAACUU"
"1128","ACUCAUUCUCCUCUGUCCAG"
"1129","AACUCUAGCCUGAGCAACAG"
"1130","UCUCCCAACCCUUGUACCAGUG"
"1131","UCCCCCAGGUGUGAUUCUGAUUU"
"1132","UGAGGGAGGAGGUUGGGUA"
"1133","CAGGGCUGGCAGUGACAUGGGU"
"1134","GGGUCCCGGGGAGGGGGG"
"1135","AUGCUGACAUAUUUACUAGAGG"
"1136","CAAGCUUGUAUCUAUAGGUAUG"
"1137","UAAAGAACUCUUAAAACCCAAU"
"1138","CUGGGACAGGAGGAGGAGGCAG"
"1139","UCCACUCUCCUGGCCCCCAG"
"1140","UUGUGGGUGGGCAGAAGUCUGU"
"1141","AGGUGGUCCGUGGCGCGUUCGC"
"1142","GCUGACUCCUAGUCCAGGGCUC"
"1143","GUAGAGGAGAUGGCGCAGGG"
"1144","UGAGGCCCUUGGGGCACAGUGG"
"1145","AGAGCUUAGCUGAUUGGUGAAC"
"1146","CAGUGCAAUGAUAUUGUCAAAGC"
"1147","UCAGGACACUUCUGAACUUGGA"
"1148","GUGGACCAGGAUGGCAAGGGCU"
"1149","CGUGCCACCCUUUUCCCCAG"
"1150","CUUGGUUCAGGGAGGGUCCCCA"
"1151","GGGUGGGGAUUUGUUGCAUUAC"
"1152","CAGGGGCUGGGGUUUCAGGUUCU"
"1153","AGGCAUUGACUUCUCACUAGCU"
"1154","UCAAAUGCUCAGACUCCUGUGGU"
"1155","AGCCAGGCUCUGAAGGGAAAGU"
"1156","AUGAUCCAGGAACCUGCCUCU"
"1157","ACAGUAGUCUGCACAUUGGUUA"
"1158","CCCCACCUCCUCUCUCCUCAG"
"1159","CUUUCAGUCAGAUGUUUGCUGC"
"1160","UCGACCGGACCUCGACCGGCU"
"1161","CAAUUUAGUGUGUGUGAUAUUU"
"1162","UGAGGUAGUAGUUUCUU"
"1163","GUGUUCUCUGAUGGACAG"
"1164","GAAGGCGCUUCCCUUUAGAGCG"
"1165","AAGGAGCUUACAAUCUAGCUGGG"
"1166","UUGAAAGGCUAUUUCUUGGUC"
"1167","GGGUGCGGGCCGGCGGGG"
"1168","AGCAGAGGCAGAGAGGCUCAGG"
"1169","UCCCAGGGUCUGGUCAGAGUUG"
"1170","UGAAGCUCUAAGGUUCCGCCUGC"
"1171","AAAAGUAAUCACUGUUUUUGCC"
"1172","AAGGAACCAGAAAAUGAGAAGU"
"1173","UGGCAGUGUCUUAGCUGGUUGU"
"1174","UCAAGAGCAAUAACGAAAAAUGU"
"1175","GGGACCCAGGGAGAGACGUAAG"
"1176","AAGUCCCACUAAUGCCAGC"
"1177","GUGGUCUCUUGGCCCCCAG"
"1178","AGGUGGGUAUGGAGGAGCCCU"
"1179","ACGGAGACGACAAGACUGUGCUG"
"1180","UUCAAGUAAUCCAGGAUAGGCU"
"1181","CAAGCUCGUGUCUGUGGGUCCG"
"1182","ACAUCCUGCUCCACAGGGCAGAGG"
"1183","UUGGGGUGGAGGGCCAAGGAGC"
"1184","UCCUGCCUUCCUCUGCACCAG"
"1185","UGAUAUGUUUGAUAUAUUAGGU"
"1186","CUGGGGGGAGGAGACCCUGCU"
"1187","UCUCUGCUCUGCUCUCCCCAG"
"1188","GAAGAUGGUGCUGUGCUGAGGAA"
"1189","AUUGUAGAACCUAAGAUUGGCC"
"1190","AGGUGGAUGCAAUGUGACCUCA"
"1191","CAAAAAUCUCAAUUACUUUUGC"
"1192","UCCCUGGAGUUUCUUCUU"
"1193","UGGGAGAGCAGGGUAUUGUGGA"
"1194","GCUGCACCGGAGACUGGGUAA"
"1195","CAGUGCAAGUGUAGAUGCCGA"
"1196","UUGCUAAGUAGGCUGAGAUUGA"
"1197","AUGUAUGUGUGCAUGUGCAUG"
"1198","CAAGUCUUAUUUGAGCACCUGUU"
"1199","GAAUAUGGGUAUAUUAGUUUGG"
"1200","AGAGGCUUUGUGCGGAUACGGGG"
"1201","UGAGGUAGUAGGUUGUAUAGUU"
"1202","UCUAGUGCGGGCGUUCCCG"
"1203","UGGAAGACUAGUGAUUUUGUUGU"
"1204","CUGACUGAAUAGGUAGGGUCAUU"
"1205","AACAUCACAGCAAGUCUGUGCU"
"1206","GUUCUCCCAACGUAAGCCCAGC"
"1207","AGCAGACUUGACCUACAAUUA"
"1208","CAAAGCGCUUCCCUUUGGAGC"
"1209","UAGGUGGCGCCGGAGGAGUCAUU"
"1210","CCGGGAGAAGGAGGUGGCCUGG"
"1211","UUGCUCCUGACUCUGUGCCCACA"
"1212","UUCACAUUGUGCUACUGUCUGC"
"1213","UUAUUGCUUAAGAAUACGCGUAG"
"1214","CUGCCCUGGCCCGAGGGACCGA"
"1215","GCCCCUGGGCCUAUCCUAGAA"
"1216","UCGUGUCUUGUGUUGCAGCCGG"
"1217","CUGGGGAGAUCCUCGAGGUUGG"
"1218","CAGGAGUGGGGGGUGGGACGU"
"1219","AGAGUCUUGUGAUGUCUUGC"
"1220","GAACGCGCUUCCCUAUAGAGGGU"
"1221","UAGAUAAAAUAUUGGUACCUG"
"1222","UUCAUUUGGUAUAAACCGCGAUU"
"1223","GAAGUUGUUCGUGGUGGAUUCG"
"1224","UGAGAUGACACUGUAGCU"
"1225","CAGGACUUGACGGCUGCAACU"
"1226","AUGGUUCCGUCAAGCACCAUGG"
"1227","CAGCCUCUGCCCUUGGCCUCC"
"1228","AUAUGGGUUUACUAGUUGGU"
"1229","CCGGUCCCAGGAGAACCUGCAGA"
"1230","UUUUGUGUCUCCCAUUCCCCAG"
"1231","GUAGAUUCUCCUUCUAUGAGUA"
"1232","CAUCCCUUGCAUGGUGGAGGG"
"1233","UCUGGUGUAUAGCGUUGCUCA"
"1234","CUGGGUUGGGCUGGGCUGGG"
"1235","AAACAAACAUGGUGCACUUCUU"
"1236","CAGCCUGACAGGAACAG"
"1237","GGGAGAAGGGUCGGGGC"
"1238","CAAGGGACCAAGCAUUCAUUAU"
"1239","GAGGCAGAAGCAGGAUGACA"
"1240","AACGGGAAUGCAGGCUGUAUCU"
"1241","AGGUUCUGUGAUACACUCCGACU"
"1242","GAAUGUUGCUCGGUGAACCCCU"
"1243","UUCCCUUUGUCAUCCUAUGCCU"
"1244","ACGCCCUUCCCCCCCUUCUUCA"
"1245","GAUGCGCCGCCCACUGCCCCGCGC"
"1246","UUCUGCUGCCGGCCAAGGC"
"1247","ACUGAUUAUCUUAACUCUCUGA"
"1248","CAGGGCAGGGAAGGUGGGAGAG"
"1249","AAAAACUGCAAUCACUUUUGC"
"1250","CUGGCCUCUUCUUUCUCCUAG"
"1251","UAUGGCACUGGUAGAAUUCACU"
"1252","AUUCUGCAUUUUUAGCAAGUUC"
"1253","AUGUAGGGCUAAAAGCCAUGGG"
"1254","UGUGACCCUAGAAUAAUUAC"
"1255","AAAGGUAAUUGCAGUUUUUCCC"
"1256","AAUGCACCCGGGCAAGGAUUCU"
"1257","CAGGAGGCAGUGGGCGAGCAGG"
"1258","CGCUUUGCUCAGCCAGUGUAG"
"1259","UCAGGCAGUGUGGGUAUCAGAU"
"1260","UCAUAGCCCUGUACAAUGCUGCU"
"1261","AGAAGUAACUACGGUUUUUGCA"
"1262","AGCAGGUGCGGGGCGGCG"
"1263","GAAGGCGCUUCCCUUUGGAGU"
"1264","ACAGCAGGCACAGACAGGCAGU"
"1265","UAGGACACAUGGUCUACUUCU"
"1266","UGAGGCGGGGGGGCGAGC"
"1267","GAGGGCGGGUGGAGGAGGA"
"1268","CUUUGCUUCCUGCUCCCCUAG"
"1269","UGUCUGCCCGCAUGCCUGCCUCU"
"1270","UAGCUUAUCAGACUGAUGUUGA"
"1271","UUCACCACCUUCUCCACCCAGC"
"1272","UAAAACUUUAAGUGUGCCUAGG"
"1273","UGAGACCAGGACUGGAUGCACC"
"1274","ACCGCCUGCCCAGUGA"
"1275","GAUUUCAGUGGAGUGAAGUUC"
"1276","UUCUCAAGGAGGUGUCGUUUAU"
"1277","CAAUGUGAUCUUUUGGAUGUA"
"1278","GUCCAGUUUUCCCAGGAAUCCCU"
"1279","GCAGUGGCUCUGAAAUGAACUC"
"1280","UACACAAGAAAACCAAGGCUCA"
"1281","ACCCUUGAGCCUGAUCCCUAGC"
"1282","UGUAGAUACGAGCACCAGCCAC"
"1283","GACACGGGCGACAGCUGCGGCCC"
"1284","AUCCCCAGAUACAAUGGACAA"
"1285","UGUAGGAACAGUUGAAUUUUGGCU"
"1286","GGCCACUGAGUCAGCACCA"
"1287","CCAGGAGAUCCAGAGAGAAU"
"1288","GUUUAACCUUUUGCCUGUUGG"
"1289","UGCGCCUCGGGUGAGCAUG"
"1290","UAGGCACACUUAAAGUUAUAGC"
"1291","GGGAAAAGGAAGGGGGAGGA"
"1292","GAGCUUGGUCUGUAGCGGUU"
"1293","CUGGGAGGUGUGAUAUUGUGGU"
"1294","AUCAUGAUGGGCUCCUCGGUGU"
"1295","GGCUACAACACAGGACCCGGGC"
"1296","UGGGUGGUCUGGAGAUUUGUGC"
"1297","AGGAAUGUUCCUUCUUUGCC"
"1298","CCAAGGAAGGAGGCUGGACAUC"
"1299","CGCCCCUCCUGCCCCCACAG"
"1300","UGAGCCCCUGUGCCGCCCCCAG"
"1301","GACACAUGACCAUAAAUGCUAA"
"1302","CCCGGCCGGAACGCCGCACU"
"1303","UAAGUGCUUCCAUGUUUGAGUGU"
"1304","CUGUGCGUGUGACAGCGGCUGA"
"1305","CGGGGCCAUGGAGCAGCCUGUGU"
"1306","UGCACGGCACUGGGGACACGU"
"1307","CAGCCCUCCUCCCGCACCCAAA"
"1308","CAGGCAGUGACUGUUCAGACGUC"
"1309","AAGUGCUUCCUUUUAGAGGGUU"
"1310","AGGUUGCCUGUGAGGUGUUCA"
"1311","AAGAAGAGACUGAGUCAUCGAAU"
"1312","AAUCAUACAGGGACAUCCAGUU"
"1313","UGUAAACAUCCCCGACUGGAAG"
"1314","AAAAGUACUUGCGGAUUU"
"1315","ACCGUCUCUUCUGUUCCCCAG"
"1316","CUCUAGAGGGAAGCACUUUCUG"
"1317","ACUGGGGGCUUUCGGGCUCUGCGU"
"1318","AGGACUGAUCCUCUCGGGCAGG"
"1319","GUGUGGCCGGCAGGCGGGUGG"
"1320","UGGGGGGACAGAUGGAGAGGACA"
"1321","AAAGUGCUUCCUUUUAGAGGG"
"1322","ACCUGGACCCAGCGUAGACAAAG"
"1323","UAGGCAGUGUCAUUAGCUGAUUG"
"1324","UGACGCCCCUUCUGAUUCUGCCU"
"1325","GAAAGCGCUUCCCUUUGCUGGA"
"1326","UCUAGGCUGGUACUGCUGA"
"1327","UGAGGCUAAUGCACUACUUCAC"
"1328","CAAAGUGCUUACAGUGCAGGUAG"
"1329","GAGACAGGUUCAUGCUGCUA"
"1330","UGUCUCUCGCCCUUGGCCUUAG"
"1331","CAGAGGGAAUACAGAGGGCAAU"
"1332","CUGGGCUCGGGACGCGCGGCU"
"1333","AAUCUGAGAAGGCGCACAAGGU"
"1334","GUUAGGGCCAACAUCUCUUGG"
"1335","CUGGCGGAGCCCAUUCCAUGCCA"
"1336","UAGUGGAUGAUGCACUCUGUGC"
"1337","CAGGAAGGAGACAGGCAGUUCA"
"1338","UAAGUGCUUCCAUGUUUUAGUAG"
"1339","UAUUGCACUCGUCCCGGCCUCC"
"1340","ACCUGAAUUACCAAAAGCUUU"
"1341","GACUCACUCACAGGAUUGUGCA"
"1342","GGAUGGUUGGGGGCGGUCGGCGU"
"1343","UCGUAUCAGAGAUUCCAGACAC"
"1344","UUGGCCAUGGGGCUGCGCGG"
"1345","GAUGGUUGACCAGAGAGCACAC"
"1346","AUGCUACUCGGAAAUCCCACUGA"
"1347","GUGCUUCAUCGUAAUUAACCUUA"
"1348","GUAGCACCUUGCAGGAUAAGGU"
"1349","AGAGGUUGCCCUUGGUGAAUUC"
"1350","UGAUCUCACCGCUGCCUCCUUC"
"1351","AAAGUAGCUGUACCAUUUGC"
"1352","CCAGUUUUCCCAGGAUU"
"1353","AGAGGUAUAGGGCAUGGGAA"
"1354","UCAUCCUCGUCUCCCUCCCAG"
"1355","CUCUGGGAAAUGGGACAG"
"1356","ACACAGUGCUUCAUCCACUACU"
"1357","CGAGCCUCAAGCAAGGGACUU"
"1358","CAAAUAAUACCACAGUGGGUGU"
"1359","GGGGGUCCCCGGUGCUCGGAUC"
"1360","CUCGUGGGCUCUGGCCACGGCC"
"1361","GCUACUUCACAACACCAGGGCC"
"1362","UGCCCAUGCCAUACUUUUGCCUCA"
"1363","CAGGUCACGUCUCUGCAGUUAC"
"1364","UGUAGAGCAGGGAGCAGGAAGCU"
"1365","ACACUGUCCCCUUCUCCCCAG"
"1366","UGCUUCCUUUCUCAGCUG"
"1367","CCAUGAAGCAGUGGGUAGGAGGAC"
"1368","CGGGGGCGGGGCCGAAGCGCG"
"1369","ACCUGUCUGUGGAAAGGAGCUA"
"1370","CGCGCCGGGCCCGGGUU"
"1371","UGGGUCUUUGCGGGCGAGAUGA"
"1372","GCUGGGCGAGGCUGGCA"
"1373","GGAUGGAGGAGGGGUCU"
"1374","GAGAGCAGUGUGUGUUGCCUGG"
"1375","UAUUCAGAAAGGUGCCAGUCA"
"1376","AAGCAUUCUUUCAUUGGUUGG"
"1377","UAUGUCCCAUCCCUCCAUCA"
"1378","UGGUUGACCAUAGAACAUGCGC"
"1379","UGACCUUUGCCUCUCCCCUCAG"
"1380","AGUUUUGCAGGUUUGCAUCCAGC"
"1381","UAAUCCUUGCUACCUGGGUGAGA"
"1382","UGCGGGGCUAGGGCUAACAGCA"
"1383","CCUAUUCUUGAUUACUUGUUUC"
"1384","CCUCCGUGUUACCUGUCCUCUAG"
"1385","CAAUCAGCAAGUAUACUGCCCU"
"1386","UCUGUGAGACCAAAGAACUACU"
"1387","CCUCCUGAUGAUUCUUCUUC"
"1388","UUUGUGACCUGGUCCACUAACC"
"1389","GUUGGGACAAGAGGACGGUCUU"
"1390","UAGGGGGUGGCAGGCUGGCC"
"1391","CAGCAGUCCCUCCCCCUG"
"1392","GCGGUGAUCCCGAUGGUGUGAGC"
"1393","CUCAAGUAGUCUGACCAGGGGA"
"1394","UAAAACUGCAGUUAUUUUUGC"
"1395","GCAGCCCAGCUGAGGCCUCUG"
"1396","UUCCUAUGCAUAUACUUCUUUG"
"1397","ACUGGACUUGGAGUCAGAAA"
"1398","GUGAGGCGGGGCCAGGAGGGUGUGU"
"1399","CAGGCAGAAGUGGGGCUGACAGG"
"1400","CCUGUUGAAGUGUAAUCCCCA"
"1401","AGGGAAAAAAAAAAGGAUUUGUC"
"1402","CCUGACACCCCAUCUGCCCUCA"
"1403","ACCGAAGACUGUGCGCUAAUCU"
"1404","GGGGAGCUGUGGAAGCAGUA"
"1405","UCAAUAGGAAAGAGGUGGGACCU"
"1406","AAUCCACGCUGAGCUUGGCAUC"
"1407","UAUAGGGAUUGGAGCCGUGGCG"
"1408","UGCUUCCUUUCAGAGGGU"
"1409","AAAAGUAAUUGUGGUUUUGGCC"
"1410","AGACUGACGGCUGGAGGCCCAU"
"1411","CUCUAGAGGGAAGCGCUUUCUG"
"1412","UCCUUCAUUCCACCGGAGUCUG"
"1413","UGUCUCUGCUGGGGUUUCU"
"1414","CGCAGGGCCCUGGCGCAGGCAU"
"1415","UUGGAGGGUGUGGAAGACAUC"
"1416","GUGUUGAAACAAUCUCUACUG"
"1417","AGGUCUGCAUUCAAAUCCCCAGA"
"1418","UCUGGCUGUGCUGUAAUGCAG"
"1419","GUGAGUCUCUAAGAAAAGAGGA"
"1420","UGUCUACAUUAAUGAAAAGAGC"
"1421","AGAGAUUGGUAGAAAUCAGGU"
"1422","UAAAUUUCACCUUUCUGAGAAGG"
"1423","AGCCCCUGCCCACCGCACACUG"
"1424","AGGGAAGGGGACGAGGGUUGGG"
"1425","CCGCCUGAGCUAGCUGUGG"
"1426","AGCAAGGCGGCAUCUCUCUGAU"
"1427","UGCCCUGCCUGUUUUCUCCUUU"
"1428","GAGGUUUGGGGAGGAUUUGCU"
"1429","CCAGUGUGGCUCAGCGAG"
"1430","AAAGGUGCUCAAAUUAGACAU"
"1431","UGUCAGUUUGUCAAAUACCCCA"
"1432","CAUAAAGUAGAAAGCACUACU"
"1433","UCCCUCGCCUUCUCACCCUCAG"
"1434","CCUCACCAUCCCUUCUGCCUGC"
"1435","UUUUGCACCUUUUGGAGUGAA"
"1436","AAACUAAUAUACCCAUAUUCUG"
"1437","AGAUGUAUGGAAUCUGUAUAUAUC"
"1438","GAGCAAUGUAGGUAGACUGUUU"
"1439","ACAAGGUGUGCAUGCCUGACC"
"1440","UGGCGAUUUUGGAACUCAAUGGCA"
"1441","GCCCAAAGGUGAAUUUUUUGGG"
"1442","GGGAGGUGUGAUCUCACACUCG"
"1443","CCCUCUCUGUCCCACCCAUAG"
"1444","AGCUCCCUGAAUCCCUGUCCCAG"
"1445","CAAAUUCGUAUCUAGGGGAAUA"
"1446","UGGCUUCUCUUGCACACCCAG"
"1447","AGAGAUGAAGCGGGGGGGCG"
"1448","UGGAAUGUAAAGAAGUAUGUAU"
"1449","CAUCUUACCGGACAGUGCUGGA"
"1450","UGGAAGGGAGAAGAGCUUUAAU"
"1451","GUGUGGAAGAUGGGAGGAGAAA"
"1452","CUGACUGUUGCCGUCCUCCAG"
"1453","AGGGAGGGUGUGGUAUGGAUGU"
"1454","CCACUGCCUAUGCCCCACAG"
"1455","CUAUACAACCUACUGCCUUCCC"
"1456","UUUGUAUGGAUAUGUGUGUGUAU"
"1457","AGGGAGAAAGCUAGAAGCUGAAG"
"1458","UGCCCUGUGGACUCAGUUCUGG"
"1459","UGCUGGGGGCCACAUGAGUGUG"
"1460","CUGUACAGGCCACUGCCUUGC"
"1461","UUGCCAUACAUAGACUUUAUU"
"1462","GAAAUCAAGCGUGGGUGAGACC"
"1463","ACUUAAACGUGGAUGUACUUGCU"
"1464","UGAGACCUCUGGGUUCUGAGCU"
"1465","UCACGCGGAGAGAUGGCUUUG"
"1466","UGUGCAAAUCUAUGCAAAACUGA"
"1467","AGCGAGGUUGCCCUUUGUAUAU"
"1468","UCGGCUCUCUCCCUCACCCUAG"
"1469","UCUGGGGUCUUGGGCCAUC"
"1470","CGGGGCCAGAGCAGAGAGC"
"1471","ACCUGAGGUUGUGCAUUUCUAA"
"1472","AGGCUGGGCUGGGACGGA"
"1473","ACCUGGCAGCAGGGAGCGUCGU"
"1474","AGGAGCUAGCCAGGCAUAUGCA"
"1475","AGGUGUUAUCCUAUCCAUUUGC"
"1476","CAGUGGCCAGAGCCCUGCAGUG"
"1477","CUACCCUCGGUCUGCUUACCACA"
"1478","AAUGUGGACUGGUGUGACCAAA"
"1479","UGUCACUCGGCUCGGCCCACUAC"
"1480","UGCCCUUAAAGGUGAACCCAGU"
"1481","GAUAUCAGCUCAGUAGGCACCG"
"1482","UCCGAACUCUCCAUUCCUCUGC"
"1483","UCUCACACAGAAAUCGCACCCGU"
"1484","UUAUGGUUUGCCUGGGACUGAG"
"1485","AUGGUCACCUCCGGGACU"
"1486","AGCAGAAGCAGGGAGGUUCUCCCA"
"1487","CUUUGAGCACAUGAGCAGACGGA"
"1488","AGGAGGCAUCUUGAGAAAUGGA"
"1489","UCGGGGAUCAUCAUGUCACGAGA"
"1490","UGUGCAAAUCCAUGCAAAACUGA"
"1491","GUGUCUGGGCGGACAGCUGC"
"1492","CAGUGUUCAGAGAUGGA"
"1493","UGGUGCGGAGAGGGCCCACAGUG"
"1494","CCCAGUGUUCAGACUACCUGUUC"
"1495","UUCACAAGGAGGUGUCAUUUAU"
"1496","AGGGUGUGUGUGUUUUU"
"1497","UGAUGAUACAGGUGGAGGUAG"
"1498","AAGGGAAGAUGGUGACCAC"
"1499","AGGAAGCAAGAGAACCCUGUGG"
"1500","UAGUGGUCAGAGGGCUUAUGA"
"1501","CCCUGGGCCUCUGCUCCCCAG"
"1502","AAAAGUAAUUGUGGUUUUUG"
"1503","UGAGCGCCUCGACGACAGAGCCG"
"1504","AGUAUUCUGUACCAGGGAAGGU"
"1505","AAGGGAGGAGGAGCGGAGGGGCCCU"
"1506","AAUGGAUUUUUGGAGCAGG"
"1507","ACUUACAGACAAGAGCCUUGCUC"
"1508","GGCUGGAGCGAGUGCAGUGGUG"
"1509","AAGCCCUUACCCCAAAAAGUAU"
"1510","GGCUCCUCCUCUCAGGAUGUG"
"1511","UGGAUUUCUUUGUGAAUCACCA"
"1512","AACUCCAAACACUCAAAACUCA"
"1513","UUACAGUUGUUCAACCAGUUACU"
"1514","GCCCUCCGCCCGUGCACCCCG"
"1515","GAGGCUGAAGGAAGAUGG"
"1516","UUCAGCAGGAACAGCU"
"1517","AGGAGGAAUUGGUGCUGGUCUU"
"1518","AAAAGUAAUUGUGGUUUUUG"
"1519","AGUGCCUGCUAUGUGCCAGGCA"
"1520","UAAUACUGCCGGGUAAUGAUGGA"
"1521","UGACAACUAUGGAUGAGCUCU"
"1522","UGAGGGCUCCAGGUGACGGUGG"
"1523","AUGGGGACAGGGAUCAGCAUGGC"
"1524","AGCGUGGGAUGUCCAUGAAGUCAG"
"1525","UCUAAAGACUAGACUUCGCUAUG"
"1526","AGAGCUCACAGCUGUCCUUCUCUA"
"1527","ACUCCAGUUUUAGUUCUCUUG"
"1528","ACUGCAGUGAAGGCACUUGUAG"
"1529","GUUCUGUUAACCCAUCCCCUCA"
"1530","UGAAGUACCAGCUACUCGAGAG"
"1531","UCGACAGCACGACACUGCCUUC"
"1532","CGGCAACAAGAAACUGCCUGAG"
"1533","CACCUUGCGCUACUCAGGUCUG"
"1534","AAAGCUGGGUUGAGAAGG"
"1535","CGUCCCACCCCCCACUCCUGU"
"1536","UGCUUAACCUUGCCCUCGAAA"
"1537","AAAGGUAACUGUGAUUUUUGCU"
"1538","CUGGGAGGUGUGAUAUCGUGGU"
"1539","CAAAAACCACAGUUUCUUUUGC"
"1540","GAAGGACACUGGUGUCAACGGCU"
"1541","UACCCAGAGCAUGCAGUGUGAA"
"1542","GGUGAGGCUAGCUGGUG"
"1543","CAAAAGUGAUUGUGGUUUUUGC"
"1544","GAGCAGGCGAGGCUGGGCUGAA"
"1545","UAGGCCACAGCCACCCAUGUGU"
"1546","CUGCAGAGUUUGUACGGACCGG"
"1547","GGCCAGCCACCAGGAGGGCUG"
"1548","AGAAGGCACUAUGAGAUUUAGA"
"1549","AAACACCAUUGUCACACUCCAC"
"1550","AGCGGGGAGGAAGUGGGCGCUGCUU"
"1551","UGGGGAAGGCGUCAGUGUCGGG"
"1552","AAAGACUCUGCAAGAUGCCU"
"1553","GACAAUUGUUGAUCUUGGGCCU"
"1554","GGGGUAUUGUUUCCGCUGCCAGG"
"1555","UCUAUUCCCCACUCUCCCCAG"
"1556","ACUCGGCGUGGCGUCGGUCGUG"
"1557","UGACCCCCAUGUCGCCUCUGUAG"
"1558","AUCAUAGAGGAAAAUCCACGU"
"1559","CAGUUCAGAAGUGUUCCUGAGU"
"1560","UCAACAAAAUCACUGAUGCUGGA"
"1561","AGGCUCUAACUGGCUUUCCCUGCA"
"1562","UGCUAGUCUGGACUGAUAUGGU"
"1563","UCACAAGUCAGGCUCUUGGGAC"
"1564","AAAAGUAAUUGCGGUUUUUGCC"
"1565","CCCAAUACACGGUCGACCUCUU"
"1566","UGGGGCUAGUGAUGCAGGACG"
"1567","CCUCACCCAGCUCUCUGGCCCUCU"
"1568","CCAGUGGGGCUGCUGUUAUCUG"
"1569","UGGGUGUAGGCUGGAGCUGAGG"
"1570","CGUGUAUUUGACAAGCUGAGUU"
"1571","AGUUAAUGAAUCCUGGAAAGU"
"1572","AGAACUCUUGCAGUCUUAGAUGU"
"1573","GGAGGGGUCCCGCACUGGGAGG"
"1574","GCCCGAGAGGAUCCGUCCCUGC"
"1575","CAAAGCGCUCCCCUUUAGAGGU"
"1576","GGGAGUGCAGGGCAGGGUUUC"
"1577","AGGGAGGGACGGGGGCUGUGC"
"1578","UUCAAGUAAUUCAGGAUAGGU"
"1579","GUGAGUGGGAGCCGGUGGGGCUG"
"1580","AUGAGCGACUGUGCCUGACC"
"1581","CUGAAGUGAUGUGUAACUGAUCAG"
"1582","UUUCCUCAUAUUCAUUCAGGA"
"1583","CCUCUUCCCCUUGUCUCUCCAG"
"1584","AUGUCCAUAUUAUGGGUUAGU"
"1585","AUCUGUAAGAGAAAGUAAAUGA"
"1586","GGCGCGCCCAGCUCCCGGGCU"
"1587","ACCUCCUGUGUGCAUGGAUUA"
"1588","GCUUGUCGCUGCGGUGUUGCU"
"1589","UGCUUAAGUUGUACCAAGUAU"
"1590","GUGCCAGCUGCAGUGGGGGAG"
"1591","GGCUUUCUAGUCUCAGCUCUCC"
"1592","UGGAGGAGAAGGAAGGUGAUG"
"1593","UCUAGUAAGAGUGGCAGUCGA"
"1594","CCCGGACAGGCGUUCGUGCGACGU"
"1595","CAUGCCUUGAGUGUAGGACCGU"
"1596","UCGAGGACUGGUGGAAGGGCCUU"
"1597","AGGGCCCCCCCUCAAUCCUGU"
"1598","CUCCUGACUCCAGGUCCUGUGU"
"1599","GAGCCCCUCUCUGCUCUCCAG"
"1600","CUAGGUGGGGGGCUUGAAGC"
"1601","UGAGUACCGCCAUGUCUGUUGGG"
"1602","ACUGGAAUUGGAGUCAAAA"
"1603","UAAAGUGCUUAUAGUGCAGGUAG"
"1604","UAUCCAGCUUGUUACUAUAUGC"
"1605","AUCGCUUUACCAUUCAUGUU"
"1606","CUCCCACAUGCAGGGUUUGCA"
"1607","CAACACCAGUCGAUGGGCUGU"
"1608","UGUGGGAUCUGGAGGCAUCUGG"
"1609","GAGAGGAACAUGGGCUCAGGACA"
"1610","AUGUGCCUGAGGGAGUAAGACA"
"1611","UAGGGGUGGGGGAAUUCAGGGGUGU"
"1612","UGGUCUGCAAAGAGAUGACUGU"
"1613","UGUUCUCUUUGCCAAGGACAG"
"1614","AUUGUCCUUGCUGUUUGGAGAU"
"1615","UCAGUGCAUCACAGAACUUUGU"
"1616","GUGAGACUUCUCUCCCUUCAG"
"1617","UAAUUUUAUGUAUAAGCUAGU"
"1618","AACCCGUAGAUCCGAACUUGUG"
"1619","CAAAGACUGCAAUUACUUUUGCG"
"1620","GGCUGGGUGCUCUUGUGCAGU"
"1621","CCUUCACUGUGACUCUGCUGCAG"
"1622","ACUUGGGCAGGAGGGACCCUGUAUG"
"1623","AUUCUAAGUGCCUUGGCC"
"1624","CUAUGGCGAGACUGGCAUGUACUC"
"1625","GUGUGACCACCGUUCCUGCAG"
"1626","AUACAUGUCAGAUUGUAUGCC"
"1627","AGCCGCUCUUCUCCCUGCCCACA"
"1628","GUGUCUUUUGCUCUGCAGUCA"
"1629","GAGGGCAGCGUGGGUGUGGCGGA"
"1630","CAGUGCAAUAGUAUUGUCAAAGC"
"1631","CUCCUGAGCCAUUCUGAGCCUC"
"1632","AGGGACUGCCUUAGGAGAAAGUU"
"1633","UCAGUGCAUGACAGAACUUGG"
"1634","UUAUCAGAAUCUCCAGGGGUAC"
"1635","UGCGGCCGGUGCUCAACCUGC"
"1636","ACUGAGCCUCUCUCUCUCCAG"
"1637","AACACUGGCCUUGCUAUCCCCA"
"1638","CAUGGGAGUUCGGGGUGGUUGC"
"1639","AAUAUUAUACAGUCAACCUCU"
"1640","UGGGAGGGGAGAGGCAGCAAGCA"
"1641","AUCACAUUGCCAGUGAUUACCC"
"1642","ACACAUGGGUGGCUGUGGCCU"
"1643","AUCGUGCAUCCUUUUAGAGUGU"
"1644","AAAGUGCUUCCUUUUAGAGGGU"
"1645","AAGCUCAGGUUUGAGAACUGCUGA"
"1646","ACCAGCCUGUGUCCACCUCCAG"
"1647","GCAGCAUUCAUGUCCC"
"1648","UGGGAGCUAAGCUAUGGGUAU"
"1649","UGAUUGGUACGUCUGUGGGUAG"
"1650","GCAGUUCUGAGCACAGUACAC"
"1651","ACCUGCCAGCACCUCCCUGCAG"
"1652","UGGGCGAGGGCGGCUGAGCGGC"
"1653","GAGGAAACUGAAGCUGAGAGGG"
"1654","UUAACUCCUUUCACACCCAUGG"
"1655","UUCUGGAUAUGAAGACAAUCAA"
"1656","CAACUAGACUGUGAGCUUCUAG"
"1657","UCAAAACUGAGGGGCAUUUUCU"
"1658","UGAGGUAGUAGUUUGUGCUGUU"
"1659","AUUCCUAGAAAUUGUUCAUA"
"1660","CCCCUGGGCCGGCCUUGG"
"1661","ACCACUGCACUCCAGCCUGAG"
"1662","AAUUUACUCUGCAAUCUUCUCC"
"1663","GCACCCAGGCAAGGAUUCUG"
"1664","AGAAGGAAAUUGAAUUCAUUUA"
"1665","UAUGGAGGUUCUAGACCAUGUU"
"1666","ACUAAAGGAUAUAGAAGGUUUU"
"1667","GGGGAGCGAGGGGCGGGGC"
"1668","UAUGUCUGCUGACCAUCACCUU"
"1669","UCUGUGAUAGAGAUUCUUUGCU"
"1670","UAAUACUGUCUGGUAAAACCGU"
"1671","UCAGUUCCAGGCCAACCAGGCU"
"1672","UGAUUGUAGCCUUUUGGAGUAGA"
"1673","CACCGGGGAUGGCAGAGGGUCG"
"1674","CAGGCAGGGAGGUGGGACCAUG"
"1675","CCAAAUCUUGAUCAGAAGCCU"
"1676","ACCAGGGCCAGCAGGGAAUGU"
"1677","CAUCUUACUGGGCAGCAUUGGA"
"1678","ACCCCUGCCACUCACUGGCC"
"1679","AAAAGUAAUUGUGGUUUUUGCC"
"1680","CUGCCCUAGUCUAGCUGAAGCU"
"1681","CGCAUCCCCUAGGGCAUUGGUGU"
"1682","CCUAUUCUUGGUUACUUGCACG"
"1683","GGUAUCCGUUUGGGGAUGGU"
"1684","GAGUGUAGUUCUGAGCAGAGC"
"1685","AAGGGGCAGGGACGGGUGGCCC"
"1686","UUGGGGUUUGGGGUGCAGACAUUGC"
"1687","UGUGAGGUUGGCAUUGUUGUCU"
"1688","CUCAUUUAAGUAGUCUGAUGCC"
"1689","GGCUCAAUCUCUGGUCCUGCAGCC"
"1690","AAAAACCACAAUUACUUUUGCACCA"
"1691","UUCAGCCAGGCUAGUGCAGUCU"
"1692","AAUCAUACACGGUUGACCUAUU"
"1693","AACGCCAUUAUCACACUAAAUA"
"1694","CUGGAGAUAUGGAAGAGCUGUGU"
"1695","CUGGGAUCUCCGGGGUCUUGGUU"
"1696","GAGUUCUACAGUCAGAC"
"1697","UGAGAUGAAGCACUGUAGCUC"
"1698","AUGGAGCUGGAACCAGAUCAGGC"
"1699","UGCUUCCUUUCAGAGGGU"
"1700","UACCCUGUAGAACCGAAUUUGUG"
"1701","UUGUUCUUUGGUCUUUCAGCCA"
"1702","AAUAGCUCAGAAUGUCAGUUCUG"
"1703","GGCUCAUGUGUCUGUCCUCUUC"
"1704","UAGGGUAGACACUGACAACGUU"
"1705","AAGUGCUGUCAUAGCUGAGGUC"
"1706","UUGCAUAGUCACAAAAGUGAUC"
"1707","GGAUCCGAGUCACGGCACCA"
"1708","AGCACACUGAGCGAGCGGAC"
"1709","UCUCUCUCCCACUUCCCUGCAG"
"1710","AGCUCGGUCUGAGGCCCCUCAGU"
"1711","CUAGGUAUGGUCCCAGGGAUCC"
"1712","CUAUAUAUCAAACAUAUUCCU"
"1713","UGAGCUAAAUGUGUGCUGGGA"
"1714","GGUCCAGAGGGGAGAUAGGUUC"
"1715","UGUGGUAGAUAUAUGCACGAU"
"1716","UUUAGAUUGAACAUGAAGUUAG"
"1717","AUAUGUAUAUGUGACUGCUACU"
"1718","AAUAAUAUCACAGUAGGUGU"
"1719","AGUGGGGUGGGACCCAGCUGUU"
"1720","GCUGGGCAGGGCUUCUGAGCUCCUU"
"1721","CCAGUUACCGCUUCCGCUACCGC"
"1722","CCUGGGGACAGGGGAUUGGGGCAG"
"1723","UCGUGUCCCUCUUGUCCACAG"
"1724","UUUAAGCAGGAAAUAGAAUUUA"
"1725","GGGGCUGGGGCCGGGGCCGAGC"
"1726","CUGGUACAGGCCUGGGGGACAG"
"1727","GAAAGUAAUUGCUGUUUUUGCC"
"1728","UCACUACCUGACAAUACAGU"
"1729","UACCCAGUCUCCGGUGCAGCC"
"1730","UUCCCUAUCUCACUCUCCUCAG"
"1731","CAAACCACACUGUGGUGUUAGA"
"1732","CUGGGAGGUGUGAUAUUGUGGU"
"1733","UGAUGGAGCUGGGAAUACUCUG"
"1734","CAAAAACCAUAGUUACUUUUGC"
"1735","UUGUGUGAGUACAGAGAGCAUC"
"1736","ACUGGGAUGUCACUGAAUAUGGU"
"1737","CCGCUUUCUGAGCUGGAC"
"1738","CUGUCCUAAGGUUGUUGAGUU"
"1739","UGGGCCAUGCAUUUCUAGAACU"
"1740","AUCGGGCCCUCGGCGCCGG"
"1741","CAGGUAGAUAUUUGAUAGGCAU"
"1742","UCCUCCUCUACCUCAUCCCAGU"
"1743","GAGGGCAGAGCCAGCUUCCUGA"
"1744","UGCCUCUUUUCCACGGCCUCAG"
"1745","AUCAUAGAGGAAAAUCCAUGUU"
"1746","CAGUUGGGUCUAGGGGUCAGGA"
"1747","GGGCGCCUGUGAUCCCAAC"
"1748","ACUCAAACUGUGGGGGCACU"
"1749","CAAAAGCAAUCGCGGUUUUUGC"
"1750","UUUAGGAUAAGCUUGACUUUUG"
"1751","ACUGGACUUAGGGUCAGAAGGC"
"1752","AUGGCAUCGUCCCCUGGUGGCU"
"1753","GUACCUUCUGGUUCAGCUAGU"
"1754","CAGGGCCCUGGCUUUAGCAGA"
"1755","UGGAUGACAGUGGAGGCCU"
"1756","UGAGACAGGCUUAUGCUGCUAU"
"1757","GGAGACUGAUGAGUUCCCGGGA"
"1758","AACACACCUAUUCAAGGAUUCA"
"1759","UGCCCCACCUGCUGACCACCCUC"
"1760","AUGGUACCCUGGCAUACUGAGU"
"1761","UUCCAGCCCUUCUAAUGGUAGG"
"1762","GGUAGUGAGUUAUCAGCUAC"
"1763","GUCCCUGAGUGUAUGUGGUG"
"1764","AGUGAAUGAUGGGUUCUGACC"
"1765","UGUGUGGAUCCUGGAGGAGGCA"
"1766","AAAAGCUGGGCUGAGAGGCG"
"1767","UGCAUCAGGCCAGAAGACAUGAG"
"1768","AAAAUGAAAUGAGCCCAGCCCA"
"1769","AAGGGGCUGGGGGAGCACA"
"1770","CCAGGAGGCGGAGGAGGUGGAG"
"1771","ACUGGGGAGCAGAAGGAGAACC"
"1772","UGAGAACUGAAUUCCAUAGGCU"
"1773","AGAAAGGUGGAGGGGUUGUCAGA"
"1774","ACUGGACUUGGAGUCAGAAGGC"
"1775","AGGUGUGUCUGUAGAGUCC"
"1776","AACUCACGAAGUAUACCGAAGU"
"1777","GUAUACACCUGAUAUGUGUAUG"
"1778","UAUCUGCUGGGCUUUCUGGUGUU"
"1779","UUUGGUCCCCUUCAACCAGCUA"
"1780","CAAAAACUGCAGUUACUUUUGC"
"1781","GCUGGUCUGCGUGGUGCUCGG"
"1782","AGGUUGUCUGUGAUGAGUUCG"
"1783","CAUGCUGACCUCCCUCCUGCCCCAG"
"1784","UAGCAGCACAUCAUGGUUUACA"
"1785","GCUGGUGCAAAAGUAAUGGCGG"
"1786","GUCCGCUCGGCGGUGGCCCA"
"1787","UUGCCAUGUCUAAGAAGAA"
"1788","CUUCCGGUCUGUGAGCCCCGUC"
"1789","GAGGCUGAGCUGAGGAG"
"1790","UAACGGCCGCGGUACCCUAA"
"1791","AGCCGCGGGGAUCGCCGAGGG"
"1792","AAUGUUUUUUCCUGUUUCC"
"1793","AGGAGCAGUGCCGGCCAAGGCGCC"
"1794","GUGAGUCAGGGUGGGGCUGG"
"1795","CCACCGGGGGAUGAAUGUCAC"
"1796","UCACAGUGAACCGGUCUCUUU"
"1797","UGGGCUGCUGAGAAGGGGCA"
"1798","UUUUAAGGACACUGAGGGAUC"
"1799","CAGGGAGGCGCUCACUCUCUGCU"
"1800","CGGGGAGAGAACGCAGUGACGU"
"1801","CCUGCAGAGAGGAAGCCCUUC"
"1802","UGCCGCCCUCUCGCUGCUCUAG"
"1803","UCCUUCUGCUCCGUCCCCCAG"
"1804","AAAUAUGAUGAAACUCACAGCUGAG"
"1805","CUCCUACAUAUUAGCAUUAACA"
"1806","UCUGGCAAGUAAAAAACUCUCAU"
"1807","CGGGCGUGGUGGUGGGGG"
"1808","CAGGAUCCACAGAGCUAGUCCA"
"1809","UCUGGUCCUGGACAGGAGGC"
"1810","AUCUGCUCUCUUGUUCCCAG"
"1811","CGUGGAUUGUCUGGAUGCAU"
"1812","CUCGAGUUGGAAGAGGCG"
"1813","AAGCAGCAGUGGCAAGACUCCU"
"1814","UAGGGAUGGGAGGCCAGGAUGA"
"1815","AAUCCUUUGUCCCUGGGUGAGA"
"1816","AGGGGUGCUAUCUGUGAUUGA"
"1817","UAGAGAGGGGAAGGAUGUGAUGU"
"1818","CUCUCACCACUGCCCUCCCACAG"
"1819","AGACACAUUUGGAGAGGGAACC"
"1820","UCUAUACAGACCCUGGCUUUUC"
"1821","GUGGGUAGGGUUUGGGGGAGAGCG"
"1822","AGAAGAAGGCGGUCGGUCUGCGG"
"1823","UCAGGGAGUCAGGGGAGGGC"
"1824","GAUGAGCUCAUUGUAAUAUGAG"
"1825","UCAAUCACUUGGUAAUUGCUGU"
"1826","CUCUAGAGGGAAGCGCUUUCUG"
"1827","AAUCAGUGAAUGCCUUGAACCU"
"1828","GGAUUCCUGGAAAUACUGUUCU"
"1829","GCAGAGUGCAAACAAUUUUGAC"
"1830","GGUUCUUAGCAUAGGAGGUCU"
"1831","CGGGCUGUCCGGAGGGGUCGGCU"
"1832","GUAGGGGCGUCCCGGGCGCGCGGG"
"1833","CAAAAGUGAUCGUGGUUUUUG"
"1834","UAGCACCAUUUGAAAUCGGUUA"
"1835","AAGACGGGAGGAAAGAAGGGAG"
"1836","UGAGGUAGUAGAUUGUAUAGUU"
"1837","UCCUGCGCGUCCCAGAUGCCC"
"1838","UGGGGGUGGUCUCUAGCCAAGG"
"1839","UGAGUGGGGCUCCCGGGACGGCG"
"1840","UGGGGGAGGAAGGACAGGCCAU"
"1841","CAUCUCUAAGGAACUCCCCCAA"
"1842","AGAGGUAGUAGGUUGCAUAGUU"
"1843","GCAUGUGAUGAAGCAAAUCAGU"
"1844","UGUAAACAUCCUUGACUGGAAG"
"1845","AGGGUAAGCUGAACCUCUGAU"
"1846","CUUGGCACCUAGCAAGCACUCA"
"1847","ACUGCCCUAAGUGCUCCUUCUGG"
"1848","AACCACUUUCUUUGCUCAUCCA"
"1849","ACUGGACUUGGAGGCAGAA"
"1850","UAAAGACUGUAGAGGCAACUGGU"
"1851","UUGAGGAAAAGAUGGUCUUAUU"
"1852","AUCAUAUGAACCAAACUCUAAU"
"1853","UGACACGGAGGGUGGCUUGGGAA"
"1854","UGUGACUUCUCCCCUGCCACAG"
"1855","AGAUCGACCGUGUUAUAUUCGC"
"1856","UGAGCCGAGCUGAGCUUAGCUG"
"1857","UUAGGCCAUCAUCCCAUUAUGC"
"1858","UGGGGAUUUGGAGAAGUGGUGA"
"1859","UUAGCGGUGGACCGCCCUGCG"
"1860","ACUGGCAUGCUGCAUUUAUAUA"
"1861","UGGCCCGGCGACGUCUCACGGUC"
"1862","AGACCCUGCAGCCUUCCCACC"
"1863","CGGGCAUGCUGGGAGAGACUUU"
"1864","UGGUGGGCCGCAGAACAUGUGC"
"1865","CAAGCUCGCUUCUAUGGGUCUG"
"1866","AGCUGUCUGAAAAUGUCUU"
"1867","ACUCUUUCCCUGUUGCACUAC"
"1868","GUGGUUAUCCCUGCUGUGUUCG"
"1869","UGCCCUGCAUGGUGUCCCCACAG"
"1870","UUGCCACACUGCAACACCUUACA"
"1871","CUCGCCCUGUCUCCCGCUAG"
"1872","UGGCAGUUACUUUUGCACCAG"
"1873","UGGGGAGCUGAGGCUCUGGGGGUG"
"1874","AGAGGCUGGCCGUGAUGAAUUC"
"1875","CCUGAGAAAAGGGCCAA"
"1876","CUGAACUAGAGAUUGGGCCCA"
"1877","AAAUGGGUGGUCUGAGGCAA"
"1878","CCGCCUUCUCUCCUCCCCCAG"
"1879","GGAUAUCAUCAUAUACUGUAAG"
"1880","UGGAGUGUGACAAUGGUGUUUG"
"1881","UGGAAUGUAAGGAAGUGUGUGG"
"1882","UGCAAAAGUAAUCACAGUUUUU"
"1883","ACUCCAUUUGUUUUGAUGAUGGA"
"1884","AAGUUGGCUGCAGUUAAGGUGG"
"1885","UCCCCUGCUCCCUUGUUCCCCAG"
"1886","GGCGGCGGGGAGGUAGGCAG"
"1887","CAGUGCAAUGUUUUCCUU"
"1888","AUCCAGUUCUCUGAGGGGGCU"
"1889","UGUGAUAUCGUGCUUCCUGGGA"
"1890","UCAGGCCAGGCACAGUGGCUCA"
"1891","UUAUAAAGCAAUGAGACUGAUU"
"1892","CCUGUCUGUGCCUGCUGUACA"
"1893","GUCAUACACGGCUCUCCUCUCU"
"1894","GUGUCUGCUUCCUGUGGGA"
"1895","CAUUGCACUUGUCUCGGUCUGA"
"1896","UGUUGCAAGUCGGUGGAGACGU"
"1897","UUGGGAUGGUAGGACCAGAGGGG"
"1898","GCAUUGUGCAGGGCUAUCA"
"1899","UAUGGAAAGACUUUGCCACUCU"
"1900","AGGAGGUGGUACUAGGGGCCAGC"
"1901","GCAGUCCAUGGGCAUAUACAC"
"1902","AAUGACACGAUCACUCCCGUUGA"
"1903","AACAUUCAACCUGUCGGUGAGU"
"1904","AGGCGAUGUGGGGAUGUAGAGA"
"1905","ACAGCCCAGCAGUUAUCACGGG"
"1906","AAUGUAGAGAUUGAUCAAAAU"
"1907","UCCAGCAUCAGUGAUUUUGUUG"
"1908","ACAGACUUGCUGUGAUGUUCA"
"1909","UUCCCUUUGUCAUCCUUCGCCU"
"1910","UCAUUUUUGUGAUGUUGCAGCU"
"1911","UGUAGUUGUAUUGUAUUGCCAC"
"1912","UGCACCAUGGUUGUCUGAGCAUG"
"1913","UGAUUGUCCAAACGCAAUUCU"
"1914","AGAGUUGAGUCUGGACGUCCCG"
"1915","GUCCACUUCUGCCUGCCCUGCC"
"1916","UCCUUUGCCUAUUCUAUUUAAG"
"1917","GUUGGGGUGCAGGGGUCUGCU"
"1918","GACCGAGAGGGCCUCGGCUGU"
"1919","UACCACAGGGUAGAACCACGG"
"1920","UGAGUGUUGUCUACGAGGGCA"
"1921","CUUCCCCCCAGUAAUCUUCAUC"
"1922","GCUGACAGCAGGGCUGGCCGCU"
"1923","GUUUGGACAUAGUGUGGCUGG"
"1924","UGAGGUGGUAGGAUGUAGA"
"1925","AGGGGGAAAGUUCUAUAGUCC"
"1926","AAUAAUACAUGGUUGAUCUUU"
"1927","CUCUAGCCACAGAUGCAGUGAU"
"1928","UAACAGUCUACAGCCAUGGUCG"
"1929","UACAAGUCAGGAGCUGAAGCAG"
"1930","AGCUGUAAUUAGUCAGUUUUCU"
"1931","UGACUGCCUCACUGACCACUU"
"1932","AUCGCUGCGGUUGCGAGCGCUGU"
"1933","AGGGUGGGGCUGGAGGUGGGGCU"
"1934","CCGGCCGCCGGCUCCGCCCCG"
"1935","AGCCUGUGCUUGUCCCUGCAG"
"1936","CUGCCUGUUCUUCCACUCCAG"
"1937","CUUCUGCCUGCAUUCUACUCCCAG"
"1938","AAAAGUAAUCGCGGUUUUUGUC"
"1939","GAAGUGUGCCGUGGUGUGUCU"
"1940","UCCCACGUUGUGGCCCAGCAG"
"1941","CAGUGCAAUGUUAAAAGGGCAU"
"1942","AGGCAGGUUAUCUGGGCUG"
"1943","UCCCUUCUUCCUGGGCCCUCA"
"1944","UGAGGACAGGGCAAAUUCACGA"
"1945","UGUAGUGUUUCCUACUUUAUGGA"
"1946","UUAGUCUCAUGAUCAGACACA"
"1947","CUACAAAGGGAAGCCCUUUC"
"1948","UCUGCAGGGUUUGCUUUGAG"
"1949","AAAACCGUCUAGUUACAGUUGU"
"1950","UGGGAUGAGGGAUUGAAGUGGA"
"1951","CAAGGAGACGGGAACAUGGAGC"
"1952","AUUGUCCCUCUCCCUUCCCAG"
"1953","AGGUAGACUGGGAUUUGUUGUU"
"1954","CUUCUCUUCUCUCCUUCCCAG"
"1955","ACAUACUUCUUUAUAUGCCCAU"
"1956","UUCACAGUGGCUAAGUUCCGC"
"1957","AGGAAGCCCUGGAGGGGCUGGAG"
"1958","GAUCUCACUUUGUUGCCCAGG"
"1959","UAGAGUCUGGCUGAUAUGGUUU"
"1960","GCAGAGAACAAAGGACUCAGU"
"1961","GGGGAACUGUAGAUGAAAAGGC"
"1962","GGAGAAAUUAUCCUUGGUGUGU"
"1963","ACUUUCCUCACUCCCGUGAAGU"
"1964","GUGCAUUGCUGUUGCAUUGC"
"1965","ACCCGCCCGUCUCCCCACAG"
"1966","AAGAGGAAGAAAUGGCUGGUUCUCAG"
"1967","CCAAUUACCACUUCUUU"
"1968","GGGCCUCUCUUGUCAUCCUGCAG"
"1969","UCCCCUUCCUCCCUGCCCAG"
"1970","CUGGGGUUCUGAGACAGACAGU"
"1971","AGGGACCUGAGUGUCUAAG"
"1972","AUGCGGACCUGGGUUAGCGGAGU"
"1973","CAGAGUGACAAGCUGGUUAAAG"
"1974","CCAUGGAUCUCCAGGUGGGU"
"1975","AGGCAGUGUAGUUAGCUGAUUGC"
"1976","AAAAUGGUUCCCUUUAGAGUGU"
"1977","UGUGAUAUCAUGGUUCCUGGGA"
"1978","UGGAGAGAAAGGCAGUA"
"1979","AGGACUGGACUCCCGGCAGCCC"
"1980","AGCCUGGAAGCUGGAGCCUGCAGU"
"1981","GAAGUGCUUCGAUUUUGGGGUGU"
"1982","AGGGACUUUCAGGGGCAGCUGU"
"1983","UACAUGGAUGGAAACCUUCAAGC"
"1984","UAAAAACUGCAAUUACUUUUA"
"1985","AGCUGUCUGUGUUUUCCUUCUCAG"
"1986","UGGAGAGAAAGGCAGUUCCUGA"
"1987","AUCAGGGCUUGUGGAAUGGGAAG"
"1988","GGGACUAGGAUGCAGACCUCC"
"1989","CUUCCAGACGCUCCGCCCCACGUCG"
"1990","UGGGGGAGUGCAGUGAUUGUGG"
"1991","AUUAAGGACAUUUGUGAUUGAU"
"1992","UACUCAAAAAGCUGUCAGUCA"
"1993","AAAAGUGAUUGCAGUGUUUG"
"1994","CAACAAAUCCCAGUCUACCUAA"
"1995","UUUGGACAGAAAACACGCAGGU"
"1996","GGGAAGAGCUGUACGGCCUUC"
"1997","CAGAGAAUUGUUUAAUC"
"1998","AUACUGUGAAUUUCACUGUCACA"
"1999","CACUGCAUUCCUGCUUGGCCCAG"
"2000","UGGGGCUCAGCGAGUUU"
"2001","GCAGCAGAGAAUAGGACUACGUC"
"2002","CAUGGGGUAGGGCAGAGUAGG"
"2003","GGGCUCACAUCACCCCAU"
"2004","CACACAUAGCAGGUGUAUAUA"
"2005","CUUAGACUGCCAGACUCCCUGA"
"2006","UUCACAGGGAGGUGUCAU"
"2007","UGGCGGGGGUAGAGCUGGCUGC"
"2008","AAAGACCCAUUGAGGAGAAGGU"
"2009","UUUUGCGAUGUGUUCCUAAUAU"
"2010","UGUGACUGCAUUAUGAAAAUUCU"
"2011","AGCAUGACAGAGGAGAGGUGG"
"2012","UGGAUUUUUGGAUCAGGGA"
"2013","UAUAAAAUGAGGGCAGUAAGAC"
"2014","UUCAUGAACUGGGUCUAGCUUGG"
"2015","AGGCGGGGCGCCGCGGGACCGC"
"2016","GUAGGGGAGGUUGGGCCAGGGA"
"2017","UCUUUGGUUAUCUAGCUGUAUGA"
"2018","AAAAACUGUAAUUACUUUU"
"2019","ACUGGACUUGGAGUCAGAAGAGUGG"
"2020","UCACAGUGGUCUCUGGGAUUAU"
"2021","UAGGUAGAGUGUGAGGAGGAGGUC"
"2022","CACUGUUUCCUUUCUGAGUGGA"
"2023","UCCCUGAGACCCUUUAACCUGUGA"
"2024","ACUGGACUUGGAGUCAGGA"
"2025","AAAGACAUAGUUGCAAGAUGGG"
"2026","GAAAAUGAUGAGUAGUGACUGAUG"
"2027","AGGCUGCGGAAUUCAGGAC"
"2028","CUAGGGGGUUUGCCCUUG"
"2029","AGCUUUUGGGAAUUCAGGUAGU"
"2030","CUCACUGAUCAAUGAAUGCA"
"2031","UUAGUCCUGCCUGUAGGUUUA"
"2032","UGAGGGAGUGGAUUGUAUG"
"2033","AGGUGCUCCAGGCUGGCUCACA"
"2034","UGAAGGUCUACUGUGUGCCAGG"
"2035","CCUGGUGGCUUCCUUUU"
"2036","UCCUAAAUCUGAAAGUCCAAAA"
"2037","AACCCGUAGAUCCGAUCUUGUG"
"2038","UAGGUAGUUUCAUGUUGUUGGG"
"2039","UGGCCGGAUGGGACAGGAGGCAU"
"2040","CCCUCUCUGGCUCCUCCCCAAA"
"2041","CUGGGGAGUGGCUGGGGAG"
"2042","UGGCAAGGAAAGAAGAGGAUCA"
"2043","UACUUGGAAAGGCAUCAGUUG"
"2044","UCCCUCCUUCUGUCCCCACAG"
"2045","ACCCGUCCCGUUCGUCCCCGGA"
"2046","UACCAUUAGAAGAGCUGGAAGA"
"2047","ACAAAAAAAAAAGCCCAACCCUUC"
"2048","AAAAGUAAUUGCGAGUUUUACC"
"2049","GGACCCACCCGGCCGGGAAUA"
"2050","GAAAGUGCUUCCUUUUAGAGGC"
"2051","UGUGUCCGGGAAGUGGAGGAGG"
"2052","CAGCAGCACACUGUGGUUUGU"
"2053","GAAGAUGGACGUACUUU"
"2054","UAUAGAGAGCAGGAAGAUUAAUGU"
"2055","CGGGGCGGCAGGGGCCUC"
"2056","GGUGGUUGAGGCUGCAGUAAGU"
"2057","ACCCCCGGGCAAAGACCUGCAGAU"
"2058","UCGGGGAGUCUGGGGUCCGGAAU"
"2059","AGACACAUUUGGAGAGGGACCC"
"2060","AAUUGCACGGUAUCCAUCUGUA"
"2061","UCACCCUGCAUCCCGCACCCAG"
"2062","CUGUGGGCUCAGCUCUGGG"
"2063","GUGAGUAGUGGCGCGCGGCGGC"
"2064","CAGAAGGGGAGUUGGGAGCAGA"
"2065","CCCAGGGCUUGGAGUGGGGCAAGGUU"
"2066","UGUUCAUUGGAACCCUGCGCAG"
"2067","UUGGACAGAAAACACGCAGGAA"
"2068","GUGGAAAGCAUGCAUCCAGGGUGU"
"2069","UUGUACAUGGUAGGCUUUCAUU"
"2070","UACAGAUGCAGAUUCUCUGACUUC"
"2071","UGGGUUUACGUUGGGAGAACU"
"2072","GGGGCUGUGAUUGACCAGCAGG"
"2073","CAACCACCACUGUCUCUCCCCAG"
"2074","AGUUGCCUUUUUGUUCCCAUGC"
"2075","UUGGACUUUUUCAGAUUUGGGGAU"
"2076","UCCCUUGUCUCCUUUCCCUAG"
"2077","AUAAUACAUGGUUAACCUCUUU"
"2078","AACAUUCAUUGUUGUCGGUGGGU"
"2079","UUGGAGGCGUGGGUUUU"
"2080","UCAUUAUAUGUAUGAUCUGGAC"
"2081","CCUCCCAUGCCAAGAACUCCC"
"2082","CAGGGCCAGGCACAGAGUAAG"
"2083","AGUUCUUCAGUGGCAAGCUUUA"
"2084","UGUGGAAGGUAGACGGCCAGAGA"
"2085","CAAAGGUAUUUGUGGUUUUUG"
"2086","UGCCCUAAAUGCCCCUUCUGGC"
"2087","AAGGAGCUCACAGUCUAUUGAG"
"2088","CCGGUUCCAGUCCCUGGAG"
"2089","CACAUUACACGGUCGACCUCU"
"2090","UGUUUGUUGUAAGGAUCGUUGU"
"2091","AAAGGAGGAAAUAGGCAGGCCA"
"2092","ACUGGGUAGGUGGGGCUCCAGG"
"2093","UCGCAGACAGGGACACAUGGAGA"
"2094","CUUAGAUUAGAGGAUAUUGUU"
"2095","AAAGUGCAUCUUUUUAGAGGAU"
"2096","ACAUCGCCCCACCUUCCCCAG"
"2097","CUUUUUGCGGUCUGGGCUUGC"
"2098","AAUAGGCCACGGAUCUGGGCAA"
"2099","AAUCCCAAUGCUAGACCCGGUG"
"2100","UUUCUAUGUUAGUUGGAAG"
"2101","UGGCCCAACCUAUUCAGUUAGU"
"2102","GGCGGAGGGAAGUAGGUCCGUUGGU"
"2103","UUUGGCAAUGGUAGAACUCACACU"
"2104","AAAAGUAACUGCGGUUUUUGA"
"2105","ACUGGCAUUAGUGGGACUUUU"
"2106","AUAACAUUGUAAAGCGCUUCUUUCG"
"2107","AGACCCUGGUCUGCACUCUAUC"
"2108","UAUGUAACACGGUCCACUAACC"
"2109","GUGACUGAUACCUUGGAGGCAU"
"2110","AUCCUCUCUUCCCUCCUCCCAG"
"2111","CUCGGGGCAGGCGGCUGGGAGCG"
"2112","AUUGACACUUCUGUGAGUAGA"
"2113","UUACACAGCUGGACAGAGGCA"
"2114","CCAACCUAGGUGGUCAGAGUUG"
"2115","UUCUCUUUCUUUAGCCUUGUGU"
"2116","UCCAGUGCCCUCCUCUCC"
"2117","AAGAGAACUGAAAGUGGAGCCU"
"2118","ACCGUGGCUUUCGAUUGUUACU"
"2119","AUUAGGUAGUGGCAGUGGAAC"
"2120","AGAAGAUUGCAGAGUAAGUUCC"
"2121","GGGCUGGGGCGCGGGGAGGU"
"2122","CGCAGGGGCCGGGUGCUCACCG"
"2123","UGUAAACAUCCUACACUCUCAGC"
"2124","UAUGUGCCUUUGGACUACAUCG"
"2125","GAGGGCAUGCGCACUUUGUCC"
"2126","AAAUUCAUGUUCAAUCUAAACC"
"2127","CUGAAUAGCUGGGACUACAGGU"
"2128","CCCUGCUGCCUUCACCUGCCAG"
"2129","UCUGUGCCCCUACUUCCCAG"
"2130","CACCAGGCAUUGUGGUCUCC"
"2131","CCAAUAUUGGCUGUGCUGCUCC"
"2132","UUUAGAGACGGGGUCUUGCUCU"
"2133","UGCACAUGGCAACCUAGCUCCCA"
"2134","UCUGAGGCCUGCCUCUCCCCA"
"2135","UGCAAAAGUAAUUGCAGUUUUUG"
"2136","AAGGCCCGGGCUUUCCUCCCAG"
"2137","UAGAUCUUUGACUCUGGCAGUCUCCAGG"
"2138","UUAGGCCGCAGAUCUGGGUGA"
"2139","CGUGGAUAUUCCUUCUAUGUUU"
"2140","UACUAACUGCAGAUUCAAGUGA"
"2141","GUAGGUGACAGUCAGGGGCGG"
"2142","UAUUCAGGAAGGUGUUACUUAA"
"2143","GAGGGUCUUGGGAGGGAUGUGAC"
"2144","UUCACUGGAGUUUGUUUCAAUA"
"2145","CAGCACCCUGUGGCUCCCACAG"
"2146","UGGUUUACCGUCCCACAUACAU"
"2147","CUGGGGGUGGGGGGCUGGGCGU"
"2148","UAGCAAAAACUGCAGUUACUUU"
"2149","UGGCAAACGUGGAAGCCGAGA"
"2150","CUGGGAGAAGAGUGGUGAAGA"
"2151","CCCGGAGCCAGGAUGCAGCUC"
"2152","UCUGUAGCCUGGGAGCAAUGGGGU"
"2153","UCCGAGCCUGGGUCUCCCUCUU"
"2154","AUAUACAGGGGGAGACUCUCAU"
"2155","UUGCUCUGAGCUCCGAGAAAGC"
"2156","UCUGGGUGCAGUGGGGGUU"
"2157","GAAAACGACAAUGACUUUUGCA"
"2158","CUACAAAGGGAAGCACUUUCUC"
"2159","UUUCCUACCCUACCUGAAGACU"
"2160","UUCCCAGCCAACGCACCA"
"2161","GCGGGGGUGGCGGCGGCAUCCC"
"2162","CAAAGUGCCUCCCUUUAGAGUG"
"2163","UUGCUAGUUGCACUCCUCUCUGU"
"2164","UUCCAUGCCUCCUAGAAGUUCC"
"2165","ACAGAUUCGAUUCUAGGGGAAU"
"2166","ACCCUAUCAAUAUUGUCUCUGC"
"2167","CAAAACCGCGAUUACUCUUGCA"
"2168","UUAGCUUAAGGAGUACCAGAUC"
"2169","UGGUAGAGCUGAGGACA"
"2170","UUCAGAUCCCAGCGGUGCCUCU"
"2171","UUGCUUGAACCCAGGAAGUGGA"
"2172","CUCCUAUAUGAUGCCUUUCUUC"
"2173","UAUUGCACUUGUCCCGGCCUGU"
"2174","CCCUGGGGUUCUGAGGACAUG"
"2175","AGGCAGGGGCUGGUGCUGGGCGGG"
"2176","UAAUUGCUUCCAUGUUU"
"2177","UACCCAUUGCAUAUCGGAGUUG"
"2178","AAAAGUAAUUGCGGAUUUUGCC"
"2179","GGAGGCCGGGGUGGGGCGGGGCGG"
"2180","CUCCAGAGGGAAGUACUUUCU"
"2181","UGGAAGGAGGUUGCCGGACGCU"
"2182","UGAGAACUGACAAAUGUGGUAGG"
"2183","CUAGACUGAAGCUCCUUGAGG"
"2184","CCAGGCUCUGCAGUGGGA"
"2185","UUACACACAACUGAGGAUCAUA"
"2186","CGUCUUACCCAGCAGUGUUUGG"
"2187","CAGGGUCAGCUGAGCAUG"
"2188","CCUGUUCUCCAUUACUUGGCUC"
"2189","GGCUGAGUGGGGUUCUGACUCC"
"2190","CUCCGUUUGCCUGUUUCGCUG"
"2191","ACAGGCACGACUGGUUUGGCA"
"2192","CUCUAGAGGGAAGCGCUUUCUG"
"2193","CUCACUCUCAGUCCCUCCCU"
"2194","UAAAGUGGCAGAGUAUAGACAC"
"2195","GACAUUCAGACUACCUG"
"2196","UAACUGGUUGAACAACUGAACC"
"2197","ACAGGAGUGGGGGUGGGACAU"
"2198","CCGCACUGUGGGUACUUGCUGC"
"2199","UGCGUUUCUCCUCUUGAGCAG"
"2200","CAAUUCUCAAAGGAGCCUCCC"
"2201","UGGAAAAAACUGGUGUGUGCUU"
"2202","UACGGUGAGCCUGUCAUUAUUC"
"2203","CUGGACUGAGCCAUGCUACUGG"
"2204","CUUCUGAUCAAGAUUUGUGGUG"
"2205","UCUUCUCUGUUUUGGCCAUGUG"
"2206","CCCUGAGACCCUAACCUUAA"
"2207","AAGCCCUUACCCCAAAAAGCAU"
"2208","AUUGUUCUGUCUUUCUCCCAG"
"2209","UGUGUACACACGUGCCAGGCGCU"
"2210","GGGGCUGGGCGCGCGCC"
"2211","UAGGAGGGAAUAGUAAAAGCAG"
"2212","CAUCUGGCAUCCGUCACACAGA"
"2213","CAGGGAGAAGGUGGAAGUGCAGA"
"2214","UUCUGCCUCUGUCCAGGUCCUU"
"2215","AGAUAUUUUGAGUGUUUGGAAUUG"
"2216","CAAGCCUCUCCUGCCCUUCCAG"
"2217","AAGCGACCAUGAUGUAACUUCA"
"2218","UGAGGUAGUAAGUUGUAUUGUU"
"2219","UGGGAGCCAUGAGGGUCUGUGC"
"2220","UAGCACCAUCUGAAAUCGGUUA"
"2221","CCUCCCUGCCCGCCUCUCUGCAG"
"2222","AAUCCUUGGAACCUAGGUGUGAGU"
"2223","UGCAGGACCAAGAUGAGCCCU"
"2224","CGUCAACACUUGCUGGUUUCCU"
"2225","UAUGGGGCUUCUGUAGAGAUUUC"
"2226","UUGGUGAGGACCCCAAGCUCGG"
"2227","UAGCAGCACAUAAUGGUUUGUG"
"2228","AAAAGUAAUUGCGGGUUUUGCC"
"2229","GGUUCCCUCUCCAAAUGUGUCU"
"2230","GACCUGGACAUGUUUGUGCCCAGU"
"2231","AGUGCCUGAGGGAGUAAGAG"
"2232","AGGCAUGGGAGGUCAGGUGA"
"2233","ACGGGGAGUCAGGCAGUGGUGGA"
"2234","ACUUUAACAUGGAGGCACUUGC"
"2235","GUGUGUGGAAAUGCUUCUGC"
"2236","GGGCGACAAAGCAAGACUCUUUCUU"
"2237","UCUUGGAGUAGGUCAUUGGGUGG"
"2238","GCUGGGAAGGCAAAGGGACGU"
"2239","UGAGCACCACACAGGCCGGGCGC"
"2240","AGGAAAUGAGGCUGGCUAGGAGC"
"2241","UCUGCCCCCUCCGCUGCUGCCA"
"2242","AGGCCAUCAGCAGUCCAAUGAA"
"2243","UUGCAUGUCAGAUUGUAAUUCCC"
"2244","CCCGCAGGUGAGAUGAGGGCU"
"2245","CUGGAGUCUAGGAUUCCA"
"2246","UGAGGGGCCUCAGACCGAGCUUUU"
"2247","AUAUGCCUGGCUAGCUCCUC"
"2248","UGCCCUCCUUUCUUCCCUC"
"2249","GCCCUGAACGAGGGGUCUGGAG"
"2250","ACUGGCCUGGGACUACCGG"
"2251","UCUCUGGUCUUGCCACCCCAG"
"2252","AUCCUUGCUAUCUGGGUGCUA"
"2253","UUGAUCUCGGAAGCUAAGC"
"2254","UUUCCGGCUCGCGUGGGUGUGU"
"2255","AAGGUUUGGAUAGAUGCAAUA"
"2256","ACUGAAUCCUCUUUUCCUCAG"
"2257","UGUGCAGCAGGCCAACCGAGA"
"2258","UAUUCAUUUAUCCCCAGCCUACA"
"2259","AAAAGUUAUUGCGGUUUUGGCU"
"2260","AGACCAUGGGUUCUCAUUGU"
"2261","GGUGCAGUGCUGCAUCUCUGGU"
"2262","AGAUCAGAAGGUGAUUGUGGCU"
"2263","CAAGGCCAAAGGAAGAGAACAG"
"2264","AGGGGGGCACUGCGCAAGCAAAGCC"
"2265","UAGCAGCGGGAACAGUUCUGCAG"
"2266","UGAGGGACCCAGGACAGGAGA"
"2267","UCGGCCUGACCACCCACCCCAC"
"2268","AGUUUUGCAUAGUUGCACUACA"
"2269","CUGGGAGGGGCUGGGUUUGGC"
"2270","UGAGCCCUGUCCUCCCGCAG"
"2271","UGGUGGGUGGGGAGGAGAAGUGC"
"2272","AGCUGGUAAAAUGGAACCAAAU"
"2273","GGGGCCUGGCGGUGGGCGG"
"2274","CCAGAGCAGCCUGCGGUAACAGU"
"2275","AUCCCACCACUGCCACCAU"
"2276","UCGUGCAUAUAUCUACCACAU"
"2277","AGGGGCUGGCUUUCCUCUGGUC"
"2278","AUUGGACUGCUGAUGGCCCGU"
"2279","GAACCCAUGAGGUUGAGGCUGCAGU"
"2280","AACUGGAUCAAUUAUAGGAGUG"
"2281","ACCAGCGCGUUUUCAGUUUCAU"
"2282","GCAGCAGGGUGAAACUGACACA"
"2283","CCAGUGACUGAGCUGGAGCCA"
"2284","AGGGGGUAGAAAGUGGCUGAAG"
"2285","AAUGAGAGACCUGUACUGUAU"
"2286","GAACUCACCCUCUGCUCCCAG"
"2287","UGCCUCCCUGACAUUCCACAG"
"2288","GGAGUGGGCUGGUGGUU"
"2289","AGGCAGUGUAUUGUUAGCUGGC"
"2290","AACUCGUGUUCAAAGCCUUUAG"
"2291","UCUGACAUCAGUGAUUCUCCUG"
"2292","AGGGGACUGGUUAAUAGAACUA"
"2293","CACUGUGGGUACAUGCU"
"2294","CACCAUGGACGGUUUACC"
"2295","AUGGGUGAAUUUGUAGAAGGAU"
"2296","AUAUUAUUAGCCACUUCUGGAU"
"2297","UGACCGAUUUCUCCUGGUGUUC"
"2298","AUAUAAUACAACCUGCUAAGUG"
"2299","CUGGGAGAGGGUUGUUUACUCC"
"2300","AGUCAUUGGAGGGUUUGAGCAG"
"2301","AAAAGUAACUGCGGUUUUUGCCU"
"2302","AUCAAGGAUCUUAAACUUUGCC"
"2303","AGAUUGUUUCUUUUGCCGUGCA"
"2304","UGAAGCCAGCUCUGGUCUGGGC"
"2305","UGGGUUCCUGGCAUGCUGAUUU"
"2306","CAGUAACAAAGAUUCAUCCUUGU"
"2307","UCCCUGAGACCCUAACUUGUGA"
"2308","AAGCCUGCCCGGCUCCUCGGG"
"2309","UGAGGGUGUCAGCAGGUGACG"
"2310","CAUAGCCCGGUCGCUGGUACAUGA"
"2311","UCAGUAAAUGUUUAUUAGAUGA"
"2312","ACUCAAAAGAUGGCGGCACUUU"
"2313","CAGAACAGGAGCAUAGAAAGGC"
"2314","AGAGCAGAAGGAUGAGAU"
"2315","CCUCCAAAGGGAAGCGCUUUCUGUU"
"2316","UCUCUGAGCAAGGCUUAACACC"
"2317","AUCUGGAGGUAAGAAGCACUUU"
"2318","UAAGUGCUUCCAUGUUUCAGUGG"
"2319","UCCGGUUCUCAGGGCUCCACC"
"2320","AUGGAUAAGGCUUUGGCUU"
"2321","UCAGCAAACAUUUAUUGUGUGC"
"2322","UGGACGGAGAACUGAUAAGGGU"
"2323","UGGUCUGUUCAUUCUCUCUUUUUGGCC"
"2324","CUACAGGCUGGAAUGGGCUCA"
"2325","ACUGCUGAGCUAGCACUUCCCG"
"2326","GGGGGCCGAUACACUGUACGAGA"
"2327","UAUGGCUUUUCAUUCCUAUGUGA"
"2328","CAAAAACUGCAUUACUUUUGC"
"2329","UAGCAGCACAGAAAUAUUGGC"
"2330","AAAGGAAAGUGUAUCCUAAAAG"
"2331","ACAGGUGAGGUUCUUGGGAGCC"
"2332","GGGGGGGCAGGAGGGGCUCAGGG"
"2333","GUGGCUCUGUAGUAAGAUGGA"
"2334","CCAGGGGGAUGGGCGAGCUUGGG"
"2335","CUGUACAGCCUCCUAGCUUUCC"
"2336","CCCCGCCACCGCCUUGG"
"2337","AAGCCUCUGUCCCCACCCCAG"
"2338","AAAAUGGUGCCCUAGUGACUACA"
"2339","AAAGUGCUUCUCUUUGGUGGGU"
"2340","GGGGGGUGUGGAGCCAGGGGGC"
"2341","GGUGGGGGCUGUUGUUU"
"2342","UUUUGCAAUAUGUUCCUGAAUA"
"2343","GCUUCUGUAGUGUAGUC"
"2344","GACACUAGGCAUGUGAGUGAUU"
"2345","AGGAGGAUGGAGAGCUGGGCCAGA"
"2346","AGGGGUGUGGAAAGAGGCAGAACA"
"2347","GGGGGAAGAAAAGGUGGGG"
"2348","CGGUGAGCGCUCGCUGGC"
"2349","UGGAGAUCCAGUGCUCGCCCGAU"
"2350","UGAAUGGUAAAGCGAUGUCACA"
"2351","UUGGGGUGGUCGGCCCUGGAG"
"2352","GAAUACGUCUGGUUGAUCC"
"2353","CCAGCCACGGACUGAGAGUGCAU"
"2354","GUGGGCGGGGGCAGGUGUGUG"
"2355","GACUGGACAAGCUGAGGAA"
"2356","UGACCCACCCCUCUCCACCAG"
"2357","UAUGUGGGAUGGUAAACCGCUU"
"2358","UGUGCUUGCUCGUCCCGCCCGCA"
"2359","GCCUGGAGCUACUCCACCAUCUC"
"2360","CUUCUUGUGCUCUAGGAUUGU"
"2361","CAACCUCGAGGAUCUCCCCAGC"
"2362","GUGAGGGACUGGGAUUUGUGG"
"2363","UAGUGAGUUAGAGAUGCAGAGCC"
"2364","UGGGAAAGAGAAAGAACAAGUA"
"2365","UGUUCAUGUAGAUGUUUAAGC"
"2366","UGUCUACUACUGGAGACACUGG"
"2367","UCAGGGUUGGUAGGGGUUGCU"
"2368","CAAAAACUGCAGUUACUUUUGU"
"2369","UACGCGCAGACCACAGGAUGUC"
"2370","CAGCAGCAAUUCAUGUUUUGAA"
"2371","ACUGGCAGAACACUGAAGCAGC"
"2372","UAGACCAUCUUUCUAGAGUAU"
"2373","UGUAACAGCAACUCCAUGUGGA"
"2374","ACCUUCCUCUCCAUGGGUCUUU"
"2375","GAUGAUGCUGCUGAUGCUG"
"2376","UUGGCUGGUCUCUGCUCCGCAG"
"2377","UGCCAACCGUCAGAGCCCAGA"
"2378","UCUGUAUUCUCCUUUGCCUGCAG"
"2379","AAUGUAAACAGGCUUUUUGCU"
"2380","AAAAGUAACUAUGGUUUUUGCC"
"2381","GCUCAGGGAUGAUAACUGUGCUGAGA"
"2382","AGGGUGUUUCUCUCAUCUCU"
"2383","GUGCAAAAGUCAUCACGGUU"
"2384","CAAAGUGAUGAGUAAUACUGGCUG"
"2385","UUCGGGCUGGCCUGCUGCUCCGG"
"2386","UGGGGGUGUGGGGAGAGAGAG"
"2387","AUCCUAGUCACGGCACCA"
"2388","CAAAACUGGCAAUUACUUUUGC"
"2389","GUGAAGGCCCGGCGGAGA"
"2390","UGUCGUGGGGCUUGCUGGCUUG"
"2391","AGGAUGAGCAAAGAAAGUAGAUU"
"2392","ACUGGACUUGGUGUCAGAUGG"
"2393","UGCCCUGAGACUUUUGCUC"
"2394","AGCAAAAUAAGCAAAUGGAAAA"
"2395","UCACAAAUCUAUAAUAUGCAGG"
"2396","AUCUGCCAGCUUCCACAGUGG"
"2397","AUGGAGAUAGAUAUAGAAAU"
"2398","UAGCAAGAGAACCAUUACCAUU"
"2399","ACCCUUUUUCUCUUUCCCAG"
"2400","UGCAGCUCUGGUGGAAAAUGGAG"
"2401","GCUGGGAUUACAGGCAUGAGCC"
"2402","AAGUCCUGCUUCUGUUGCAG"
"2403","UGAGGGAGUGGGUGGGAGG"
"2404","UGUGUCACUCGAUGACCACUGU"
"2405","UGUCUUACUCCCUCAGGCACAU"
"2406","AUAUACCUGUUCGGUCUCUUUA"
"2407","UGAGGUAGGAGGUUGUAUAGUU"
"2408","UCCCCUUCUGCAGGCCUGCUGG"
"2409","UGAGGGAGUAGGAUGUAUGGUU"
"2410","UCCCACUACUUCACUUGUGA"
"2411","AGAGAUGCCGCCUUGCUCCUU"
"2412","CCUCGGUACUGGAAAGGGGUA"
"2413","GUGGGGCCAGGCGGUGG"
"2414","UCUGGGCACAGGCGGAUGGACAGG"
"2415","CUAUACAAUCUAUUGCCUUCCC"
"2416","UCAAAAUCAGGAGUCGGGGCUU"
"2417","CGGCUCUGGGUCUGUGGGGA"
"2418","CAAAGAGGAAGGUCCCAUUAC"
"2419","CUGUACAACCUUCUAGCUUUCC"
"2420","GCGAGGACCCCUCGGGGUCUGAC"
"2421","UUGAACUGUUAAGAACCACUGGA"
"2422","GAGUGGGGCUUCGACCCUAACC"
"2423","AACUGAACCAGGAGUGAGCUUCG"
"2424","UAGCAAUACAGUACAAAUAUAGU"
"2425","CACAGGACUGACUCCUCACCCCAGUG"
"2426","UCUCCCUUGAGGGCACUUU"
"2427","AUGGUCUCCUGUUCUCUGCAG"
"2428","GAGGCUGAUGUGAGUAGACCACU"
"2429","AGACCUGGCCCAGACCUCAGC"
"2430","CAGCGGAGCCUGGAGAGAAGG"
"2431","UCUCUGAGUACCAUAUGCCUUGU"
"2432","UCUGUGCUUCACCCCUACCCAG"
"2433","ACGGGUUAGGCUCUUGGGAGCU"
"2434","UCUGGUAUGUAGUAGGUAAUAA"
"2435","AUGGCCAGAGCUCACACAGAGG"
"2436","CUACCCCCCAUCCCCCUGUAG"
"2437","CUAGGAGGCCUUGGCC"
"2438","CCAGUCCUGUGCCUGCCGCCU"
"2439","UCUGCCAUCCUCCCUCCCCUAC"
"2440","AAAAGUAAUUGUGGAUUUUGCU"
"2441","ACCAUCGACCGUUGAUUGUACC"
"2442","ACUGGCUAGGGAAAAUGAUUGGAU"
"2443","AUACACAUACACGCAACACACAU"
"2444","CUCUCCUCCCGGCUUC"
"2445","AGAAUUGCGUUUGGACAAUCAGU"
"2446","UGUUGGGAUUCAGCAGGACCAU"
"2447","CCAAUAUUACUGUGCUGCUUUA"
"2448","AAAAGCUGGGUUGAGAGGGCGA"
"2449","AUGAAGCCUUCUCUGCCUUACG"
"2450","GUGGGUACGGCCCAGUGGGGGG"
"2451","UUGUCUGCUGAGUUUCC"
"2452","AACAUUCAACGCUGUCGGUGAGU"
"2453","AAAGAUAGACAAUUGGCUAAAU"
"2454","AUAGCAAUUGCUCUUUUGGAA"
"2455","UCAGAUGAUCUAAAGGCCUAUA"
"2456","CUCCUCCCCUGCCUGGCCCAG"
"2457","UGAGGCAGUAGAUUGAAU"
"2458","ACUCCAAGAAGAAUCUAGACAG"
"2459","UUCUGGAAUUCUGUGUGAGGGA"
"2460","CACUUAGCAGGUUGUAUUAUAU"
"2461","AUGGGUGAUGGGUGUGGUGU"
"2462","UCUGAGGUGGAACAGCAGC"
"2463","GGCUGGUCAGAUGGGAGUG"
"2464","CCUCUCCUCCCUGUGCCCCAG"
"2465","AAAAGCUGGGUUGAGAGGGCAA"
"2466","GGGAGCCAGGAAGUAUUGAUGU"
"2467","UCAUUUAUCUGUUGGGAAGCUA"
"2468","CGGGCCGGAGGUCAAGGGCGU"
"2469","CAGGGAACCAGUUGGGGCUU"
"2470","CUGACCUAUGAAUUGACAGCC"
"2471","AACUCUGUCUUCACUCAUGAGU"
"2472","AAAAGUAUUUGCGGGUUUUGUC"
"2473","UGUCUUUCUUCUCUCCCUUGCAG"
"2474","UCUACAAAGGAAAGCGCUUUCU"
"2475","UCAUCCCCCUCGCCCUCUCAG"
"2476","UUUCCCUUUCCAUCCUGGCAG"
"2477","AGCAUACACCUGUAGUCCUAGA"
"2478","CAGUGCAAUGAUGAAAGGGCAU"
"2479","ACUUCACCUGGUCCACUAGCCGU"
"2480","CAAAAACCGCAAUUACUUUUGCA"
"2481","UGAGGUAGUAGGUUGUAUGGUU"
"2482","GUGAAAUGUUUAGGACCACUAG"
"2483","AUCACACAAAGGCAACUUUUGU"
"2484","UUCCUGGGCUUCUCCUCUGUAG"
"2485","UCCCUGAGCAAAGCCAC"
"2486","UAGGGUACUCAGAGCAAGUUGU"
"2487","AUAAUACAACCUGCUAAGUGCU"
"2488","ACAGUAGUCUGCACAUUGGUUA"
"2489","CAGCAGGAGGUGAGGGGAG"
"2490","UAGUGCAAUAUUGCUUAUAGGGU"
"2491","UCACUCUCACCUUGCUUUGC"
"2492","UAGUACUGUGCAUAUCAUCUAU"
"2493","UAGGUGGCAGAGGAGGGACUUCA"
"2494","UCCUGUCUUUCCUUGUUGGAGC"
"2495","CAGCCGCCGCCUGUCUCCACAG"
"2496","CGCGCCUGCAGGAACUGGUAGA"
"2497","CGGCCCCACGCACCAGGGUAAGA"
"2498","UGACUUCUACCUCUUCCAAAG"
"2499","GAGUGGAUAGGGGAGUGUGUGGA"
"2500","ACCGUGCAAAGGUAGCAUA"
"2501","CUAGUGCUCUCCGUUACAAGUA"
"2502","GCGGUGGGGCCGGAGGGGCGU"
"2503","GACUGACACCUCUUUGGGUGAA"
"2504","AAACUAAUCUCUACACUGCUGC"
"2505","UUAGAGGCUGGAAUAGAGAUUCU"
"2506","AAGGAGAUGCUCAGGCAGAU"
"2507","AGCAGCAUUGUACAGGGCUAUCA"
"2508","UCACAACAACCUUGCAGGGUAGA"
"2509","UUGGACGGUAAGGUUAAGCAA"
"2510","UAUACAAGGGCAGACUCUCUCU"
"2511","GAAGAAUAGGAGGGACUUUGU"
"2512","UCCGUACAAACUCUGCUGUG"
"2513","UUCUCUCUGUCUUUCUCUCUCAG"
"2514","CCACCAGGUCUAGCAUUGGGAU"
"2515","CUCCCACUUCCAGAUCUUUCU"
"2516","UUAAUUUUUUGUUUCGGUCACU"
"2517","UUAGUGCAUAGUCUUUGGUCU"
"2518","GUGAGUGUGGAUCCUGGAGGAAU"
"2519","AAGGGACAGGGAGGGUCGUGG"
"2520","UGUGCGCAGGGAGACCUCUCCC"
"2521","CAAAGCGCUUCUCUUUAGAGUGU"
"2522","CAGCCCGGAUCCCAGCCCACUU"
"2523","CAUACAAUCUGACAUGUAUUU"
"2524","CAUGGUUCUGUCAAGCACCGCG"
"2525","ACCUGGGUUGUCCCCUCUAG"
"2526","UAAAUUUCACCUUUCUGAGAAGA"
"2527","CUCUAGAGGGAAGCGCUUUCUG"
"2528","ACCUUGGCUCUAGACUGCUUACU"
"2529","GAAGCUCUCCCCUCCCCGCAG"
"2530","UUAAUAUCGGACAACCAUUGU"
"2531","CUGUAAUAUAAAUUUAAUUUAUU"
"2532","UAACCCUGUCCUCUCCCUCCCAG"
"2533","CAGGCCAUAUUGUGCUGCCUCA"
"2534","GUGAGUGUGGAUUUGGCGGGGUU"
"2535","UAGCCUUCAGAUCUUGGUGUUUU"
"2536","UGAGUGUGUGUGUGUGAGUGUGU"
"2537","CAAUGUUUCCACAGUGCAUCAC"
"2538","UGAGUGCCGGUGCCUGCCCUG"
"2539","AAAACUGUAAUUACUUUUGUAC"
"2540","GUGAGGGCAUGCAGGCCUGGAUGGGG"
"2541","GAUUGAGACUAGUAGGGCUAGGC"
"2542","CACAUAUGAAGUGAGCCAGCAC"
"2543","AAUGUGGAAGUGGUCUGAGGCAU"
"2544","GAAUCGGAAAGGAGGCGCCG"
"2545","CGCGGGCGCUCCUGGCCGCCGCC"
"2546","UUACAGGCGUGAACCACCGCG"
"2547","GAGGGUUGGGUGGAGGCUCUCC"
"2548","AGAGGUUAUCCGUGUUAUGUUC"
"2549","UGCUGAGGUCCGGGCUGUGCC"
"2550","UUCCAGCCCUGGUAGGCGCCGCG"
"2551","AUAGGCACCAAAAAGCAACAA"
"2552","UCCUCUUCUCCCUCCUCCCAG"
"2553","CUCUAGAGGGAAGCGCUUUCUG"
"2554","UCCCUGCCCCCAUACUCCCAG"
"2555","CCUGUGCUCCCAGGGCCUCGC"
"2556","UUCACAGUGGCUAAGUUCUGC"
"2557","AUAAGACGAACAAAAGGUUUGU"
"2558","GUGGUUAUCCCUGUCCUGUUCG"
"2559","AAACCUGUGUUGUUCAAGAGUC"
"2560","CCUCUGGGCCCUUCCUCCAG"
"2561","UGGGAGAGAGGACUGUGAGGC"
"2562","UGCCUACUGAGCUGAAACACAG"
"2563","AUAUACAGGGGGAGACUCUUAU"
"2564","UGCAAAAGUAAUUGCAGUUUUUG"
"2565","GGAGGUUGGGAAGGGCAGAG"
"2566","AGUGGACCGAGGAAGGAAGGA"
"2567","UGACCCCUUCUGUCUCCCUAG"
"2568","AACAACAAAAUCACUAGUCUUCCA"
"2569","AACUAGCUCUGUGGAUCCUGAC"
"2570","UAAAACCCACAAUUAUGUUUGU"
"2571","UCUGCCAUAGGAAGCUUGGAGUGG"
"2572","AGGAGCUAUCCACUCCAGGUGUCC"
"2573","UCUUCACCUGCCUCUGCCUGCA"
"2574","AUACCCAUAGCUUAGCUCCCA"
"2575","UAGCAGCACGUAAAUAUUGGCG"
"2576","UAGGAUUACAAGUGUCGGCCAC"
"2577","UUGGGACAUACUUAUGCUAAA"
"2578","UGAGCUGCUGUACCAAAAU"
"2579","AUUGACACCUCUGUGAGUGGA"
"2580","UGGGGGAGCCAUGAGAUAAGAGCA"
"2581","AGAGUCGGCGACGCCGCCAGC"
"2582","AUCAAAUAAGGACUAGUCUGCA"
"2583","UGAAGCGCCUGUGCUCUGCCGAGA"
"2584","GCUGAUGAUGAUGGUGCUGAAG"
"2585","GGGAGUCUACAGCAGGG"
"2586","CACUCAGCCUUGAGGGCACUUUC"
"2587","CAACGGAAUCCCAAAAGCAGCUG"
"2588","CCUCCUGCCCUCCUUGCUGU"
