"","Name"
"1",">hsa-miR-576-3p MIMAT0004796"
"2",">hsa-miR-140-5p MIMAT0000431"
"3",">hsa-miR-522-5p MIMAT0005451"
"4",">hsa-miR-1298-5p MIMAT0005800"
"5",">hsa-miR-133a-3p MIMAT0000427"
"6",">hsa-miR-4743-3p MIMAT0022978"
"7",">hsa-miR-557 MIMAT0003221"
"8",">hsa-miR-548ao-3p MIMAT0021030"
"9",">hsa-miR-5088-5p MIMAT0021080"
"10",">hsa-miR-4649-5p MIMAT0019711"
"11",">hsa-miR-665 MIMAT0004952"
"12",">hsa-miR-3622b-3p MIMAT0018006"
"13",">hsa-miR-4493 MIMAT0019028"
"14",">hsa-miR-1250-5p MIMAT0005902"
"15",">hsa-miR-3622a-5p MIMAT0018003"
"16",">hsa-miR-381-3p MIMAT0000736"
"17",">hsa-miR-4709-3p MIMAT0019812"
"18",">hsa-miR-7159-5p MIMAT0028228"
"19",">hsa-miR-6738-5p MIMAT0027377"
"20",">hsa-miR-374b-3p MIMAT0004956"
"21",">hsa-miR-6874-3p MIMAT0027649"
"22",">hsa-miR-448 MIMAT0001532"
"23",">hsa-miR-548s MIMAT0014987"
"24",">hsa-miR-515-5p MIMAT0002826"
"25",">hsa-miR-6891-5p MIMAT0027682"
"26",">hsa-miR-3940-5p MIMAT0019229"
"27",">hsa-miR-431-3p MIMAT0004757"
"28",">hsa-miR-6832-5p MIMAT0027564"
"29",">hsa-miR-103a-2-5p MIMAT0009196"
"30",">hsa-miR-6877-5p MIMAT0027654"
"31",">hsa-miR-1298-3p MIMAT0026641"
"32",">hsa-miR-3682-5p MIMAT0019222"
"33",">hsa-miR-3155a MIMAT0015029"
"34",">hsa-miR-5089-5p MIMAT0021081"
"35",">hsa-miR-648 MIMAT0003318"
"36",">hsa-miR-367-5p MIMAT0004686"
"37",">hsa-miR-6740-5p MIMAT0027381"
"38",">hsa-miR-450a-2-3p MIMAT0031074"
"39",">hsa-miR-6793-3p MIMAT0027487"
"40",">hsa-miR-3622a-3p MIMAT0018004"
"41",">hsa-miR-541-5p MIMAT0004919"
"42",">hsa-miR-6515-3p MIMAT0025487"
"43",">hsa-miR-1276 MIMAT0005930"
"44",">hsa-miR-6499-3p MIMAT0025451"
"45",">hsa-miR-2276-3p MIMAT0011775"
"46",">hsa-miR-3120-3p MIMAT0014982"
"47",">hsa-miR-6780b-5p MIMAT0027572"
"48",">hsa-miR-4769-5p MIMAT0019922"
"49",">hsa-miR-1306-5p MIMAT0022726"
"50",">hsa-miR-519b-3p MIMAT0002837"
"51",">hsa-miR-489-3p MIMAT0002805"
"52",">hsa-miR-23a-3p MIMAT0000078"
"53",">hsa-miR-6796-5p MIMAT0027492"
"54",">hsa-miR-675-3p MIMAT0006790"
"55",">hsa-miR-2110 MIMAT0010133"
"56",">hsa-miR-1269a MIMAT0005923"
"57",">hsa-miR-483-3p MIMAT0002173"
"58",">hsa-miR-4659a-3p MIMAT0019727"
"59",">hsa-miR-146a-5p MIMAT0000449"
"60",">hsa-miR-1289 MIMAT0005879"
"61",">hsa-miR-8485 MIMAT0033692"
"62",">hsa-miR-563 MIMAT0003227"
"63",">hsa-miR-425-3p MIMAT0001343"
"64",">hsa-miR-4474-3p MIMAT0019001"
"65",">hsa-miR-5002-5p MIMAT0021023"
"66",">hsa-miR-3672 MIMAT0018095"
"67",">hsa-let-7a-3p MIMAT0004481"
"68",">hsa-miR-4488 MIMAT0019022"
"69",">hsa-miR-3691-5p MIMAT0018120"
"70",">hsa-miR-3688-5p MIMAT0019223"
"71",">hsa-miR-532-3p MIMAT0004780"
"72",">hsa-miR-4747-5p MIMAT0019882"
"73",">hsa-miR-6813-3p MIMAT0027527"
"74",">hsa-miR-3653-3p MIMAT0018073"
"75",">hsa-miR-3150b-3p MIMAT0018194"
"76",">hsa-miR-6858-5p MIMAT0027616"
"77",">hsa-miR-6768-3p MIMAT0027437"
"78",">hsa-miR-4797-3p MIMAT0019973"
"79",">hsa-miR-4684-5p MIMAT0019769"
"80",">hsa-miR-4638-5p MIMAT0019695"
"81",">hsa-miR-4300 MIMAT0016853"
"82",">hsa-miR-6868-3p MIMAT0027637"
"83",">hsa-miR-101-5p MIMAT0004513"
"84",">hsa-miR-4650-3p MIMAT0019714"
"85",">hsa-miR-6771-3p MIMAT0027443"
"86",">hsa-miR-6748-3p MIMAT0027397"
"87",">hsa-miR-1248 MIMAT0005900"
"88",">hsa-miR-4463 MIMAT0018987"
"89",">hsa-miR-6794-5p MIMAT0027488"
"90",">hsa-miR-4763-5p MIMAT0019912"
"91",">hsa-miR-6132 MIMAT0024616"
"92",">hsa-miR-1306-3p MIMAT0005950"
"93",">hsa-miR-579-5p MIMAT0026616"
"94",">hsa-miR-3917 MIMAT0018191"
"95",">hsa-miR-4793-3p MIMAT0019966"
"96",">hsa-miR-575 MIMAT0003240"
"97",">hsa-miR-496 MIMAT0002818"
"98",">hsa-miR-320c MIMAT0005793"
"99",">hsa-miR-6818-3p MIMAT0027537"
"100",">hsa-miR-3162-3p MIMAT0019213"
"101",">hsa-miR-661 MIMAT0003324"
"102",">hsa-miR-6797-5p MIMAT0027494"
"103",">hsa-miR-5705 MIMAT0022499"
"104",">hsa-miR-6767-3p MIMAT0027435"
"105",">hsa-miR-4722-5p MIMAT0019836"
"106",">hsa-miR-4477a MIMAT0019004"
"107",">hsa-miR-375 MIMAT0000728"
"108",">hsa-miR-424-3p MIMAT0004749"
"109",">hsa-miR-499b-3p MIMAT0019898"
"110",">hsa-miR-1277-5p MIMAT0022724"
"111",">hsa-miR-1238-5p MIMAT0022947"
"112",">hsa-miR-4799-5p MIMAT0019976"
"113",">hsa-miR-3074-5p MIMAT0019208"
"114",">hsa-miR-95-5p MIMAT0026473"
"115",">hsa-miR-7157-5p MIMAT0028224"
"116",">hsa-miR-4436a MIMAT0018952"
"117",">hsa-miR-4634 MIMAT0019691"
"118",">hsa-miR-664b-5p MIMAT0022271"
"119",">hsa-miR-4525 MIMAT0019064"
"120",">hsa-miR-486-3p MIMAT0004762"
"121",">hsa-miR-302c-5p MIMAT0000716"
"122",">hsa-miR-449a MIMAT0001541"
"123",">hsa-miR-5001-5p MIMAT0021021"
"124",">hsa-miR-4765 MIMAT0019916"
"125",">hsa-miR-3619-5p MIMAT0017999"
"126",">hsa-miR-7113-5p MIMAT0028123"
"127",">hsa-miR-766-3p MIMAT0003888"
"128",">hsa-miR-487b-3p MIMAT0003180"
"129",">hsa-miR-330-3p MIMAT0000751"
"130",">hsa-miR-4257 MIMAT0016878"
"131",">hsa-miR-4264 MIMAT0016899"
"132",">hsa-miR-489-5p MIMAT0026605"
"133",">hsa-miR-92b-5p MIMAT0004792"
"134",">hsa-miR-6829-3p MIMAT0027559"
"135",">hsa-miR-6766-3p MIMAT0027433"
"136",">hsa-miR-5584-5p MIMAT0022283"
"137",">hsa-miR-4710 MIMAT0019815"
"138",">hsa-miR-3910 MIMAT0018184"
"139",">hsa-miR-885-5p MIMAT0004947"
"140",">hsa-miR-302e MIMAT0005931"
"141",">hsa-miR-4715-3p MIMAT0019825"
"142",">hsa-miR-1282 MIMAT0005940"
"143",">hsa-miR-3124-5p MIMAT0014986"
"144",">hsa-miR-4750-5p MIMAT0019887"
"145",">hsa-miR-191-3p MIMAT0001618"
"146",">hsa-miR-6841-3p MIMAT0027585"
"147",">hsa-miR-1301-5p MIMAT0026639"
"148",">hsa-miR-3928-3p MIMAT0018205"
"149",">hsa-miR-6799-5p MIMAT0027498"
"150",">hsa-miR-20a-3p MIMAT0004493"
"151",">hsa-miR-6787-3p MIMAT0027475"
"152",">hsa-miR-1915-3p MIMAT0007892"
"153",">hsa-miR-603 MIMAT0003271"
"154",">hsa-miR-32-5p MIMAT0000090"
"155",">hsa-miR-5706 MIMAT0022500"
"156",">hsa-miR-6778-5p MIMAT0027456"
"157",">hsa-miR-1301-3p MIMAT0005797"
"158",">hsa-miR-1273f MIMAT0020601"
"159",">hsa-miR-4777-5p MIMAT0019934"
"160",">hsa-miR-3938 MIMAT0018353"
"161",">hsa-miR-371b-3p MIMAT0019893"
"162",">hsa-miR-7112-3p MIMAT0028122"
"163",">hsa-miR-370-3p MIMAT0000722"
"164",">hsa-miR-574-3p MIMAT0003239"
"165",">hsa-miR-4751 MIMAT0019888"
"166",">hsa-miR-8071 MIMAT0030998"
"167",">hsa-miR-23a-5p MIMAT0004496"
"168",">hsa-miR-329-5p MIMAT0026555"
"169",">hsa-miR-372-3p MIMAT0000724"
"170",">hsa-miR-4479 MIMAT0019011"
"171",">hsa-miR-105-3p MIMAT0004516"
"172",">hsa-miR-4326 MIMAT0016888"
"173",">hsa-let-7b-5p MIMAT0000063"
"174",">hsa-miR-6751-5p MIMAT0027402"
"175",">hsa-miR-3192-3p MIMAT0027027"
"176",">hsa-miR-6856-3p MIMAT0027613"
"177",">hsa-miR-6807-5p MIMAT0027514"
"178",">hsa-miR-6735-5p MIMAT0027371"
"179",">hsa-miR-5680 MIMAT0022468"
"180",">hsa-miR-30a-5p MIMAT0000087"
"181",">hsa-miR-1207-5p MIMAT0005871"
"182",">hsa-miR-6844 MIMAT0027589"
"183",">hsa-miR-4438 MIMAT0018956"
"184",">hsa-miR-3189-3p MIMAT0015071"
"185",">hsa-miR-6880-5p MIMAT0027660"
"186",">hsa-miR-6805-3p MIMAT0027511"
"187",">hsa-miR-302b-5p MIMAT0000714"
"188",">hsa-miR-623 MIMAT0003292"
"189",">hsa-miR-875-3p MIMAT0004923"
"190",">hsa-miR-6869-3p MIMAT0027639"
"191",">hsa-miR-657 MIMAT0003335"
"192",">hsa-miR-4689 MIMAT0019778"
"193",">hsa-miR-136-3p MIMAT0004606"
"194",">hsa-miR-519a-3p MIMAT0002869"
"195",">hsa-miR-5003-3p MIMAT0021026"
"196",">hsa-miR-576-5p MIMAT0003241"
"197",">hsa-miR-371a-3p MIMAT0000723"
"198",">hsa-miR-6762-3p MIMAT0027425"
"199",">hsa-miR-586 MIMAT0003252"
"200",">hsa-miR-621 MIMAT0003290"
"201",">hsa-miR-6791-3p MIMAT0027483"
"202",">hsa-miR-4664-5p MIMAT0019737"
"203",">hsa-miR-4436b-3p MIMAT0019941"
"204",">hsa-miR-3150a-5p MIMAT0019206"
"205",">hsa-miR-3692-3p MIMAT0018122"
"206",">hsa-miR-338-5p MIMAT0004701"
"207",">hsa-miR-4693-3p MIMAT0019785"
"208",">hsa-miR-543 MIMAT0004954"
"209",">hsa-miR-151b MIMAT0010214"
"210",">hsa-miR-211-3p MIMAT0022694"
"211",">hsa-miR-7150 MIMAT0028211"
"212",">hsa-miR-4445-3p MIMAT0018964"
"213",">hsa-miR-96-5p MIMAT0000095"
"214",">hsa-miR-5579-5p MIMAT0022269"
"215",">hsa-miR-887-3p MIMAT0004951"
"216",">hsa-miR-593-5p MIMAT0003261"
"217",">hsa-miR-3689a-5p MIMAT0018117"
"218",">hsa-miR-618 MIMAT0003287"
"219",">hsa-miR-6504-3p MIMAT0025465"
"220",">hsa-miR-4282 MIMAT0016912"
"221",">hsa-miR-1228-3p MIMAT0005583"
"222",">hsa-miR-106a-3p MIMAT0004517"
"223",">hsa-miR-491-5p MIMAT0002807"
"224",">hsa-miR-4685-3p MIMAT0019772"
"225",">hsa-miR-548al MIMAT0019024"
"226",">hsa-miR-6765-3p MIMAT0027431"
"227",">hsa-miR-511-3p MIMAT0026606"
"228",">hsa-miR-4286 MIMAT0016916"
"229",">hsa-miR-627-3p MIMAT0026623"
"230",">hsa-miR-644a MIMAT0003314"
"231",">hsa-miR-124-5p MIMAT0004591"
"232",">hsa-miR-6887-3p MIMAT0027675"
"233",">hsa-miR-4449 MIMAT0018968"
"234",">hsa-miR-641 MIMAT0003311"
"235",">hsa-miR-1285-3p MIMAT0005876"
"236",">hsa-miR-1193 MIMAT0015049"
"237",">hsa-miR-3153 MIMAT0015026"
"238",">hsa-miR-30a-3p MIMAT0000088"
"239",">hsa-miR-4312 MIMAT0016864"
"240",">hsa-miR-5006-5p MIMAT0021033"
"241",">hsa-miR-525-5p MIMAT0002838"
"242",">hsa-miR-6733-3p MIMAT0027368"
"243",">hsa-miR-203a-5p MIMAT0031890"
"244",">hsa-miR-4711-3p MIMAT0019817"
"245",">hsa-miR-20b-5p MIMAT0001413"
"246",">hsa-miR-5699-5p MIMAT0027103"
"247",">hsa-miR-1260a MIMAT0005911"
"248",">hsa-miR-5692c MIMAT0022476"
"249",">hsa-miR-3161 MIMAT0015035"
"250",">hsa-miR-3591-5p MIMAT0019876"
"251",">hsa-miR-6763-3p MIMAT0027427"
"252",">hsa-miR-92a-1-5p MIMAT0004507"
"253",">hsa-miR-548h-3p MIMAT0022723"
"254",">hsa-miR-4297 MIMAT0016846"
"255",">hsa-miR-4457 MIMAT0018979"
"256",">hsa-miR-3680-3p MIMAT0018107"
"257",">hsa-miR-2392 MIMAT0019043"
"258",">hsa-miR-548t-3p MIMAT0022730"
"259",">hsa-miR-4784 MIMAT0019948"
"260",">hsa-miR-2682-3p MIMAT0013518"
"261",">hsa-miR-1273c MIMAT0015017"
"262",">hsa-miR-7112-5p MIMAT0028121"
"263",">hsa-miR-5690 MIMAT0022482"
"264",">hsa-miR-5011-3p MIMAT0021046"
"265",">hsa-miR-4431 MIMAT0018947"
"266",">hsa-miR-4418 MIMAT0018930"
"267",">hsa-miR-891a-5p MIMAT0004902"
"268",">hsa-miR-378f MIMAT0018932"
"269",">hsa-miR-183-3p MIMAT0004560"
"270",">hsa-miR-3119 MIMAT0014981"
"271",">hsa-miR-4640-3p MIMAT0019700"
"272",">hsa-miR-3606-3p MIMAT0022965"
"273",">hsa-miR-106b-5p MIMAT0000680"
"274",">hsa-miR-4712-5p MIMAT0019818"
"275",">hsa-miR-147b MIMAT0004928"
"276",">hsa-miR-379-5p MIMAT0000733"
"277",">hsa-miR-4678 MIMAT0019762"
"278",">hsa-miR-3126-5p MIMAT0014989"
"279",">hsa-miR-6069 MIMAT0023694"
"280",">hsa-miR-1255b-5p MIMAT0005945"
"281",">hsa-miR-6715a-3p MIMAT0025841"
"282",">hsa-miR-4276 MIMAT0016904"
"283",">hsa-miR-6812-3p MIMAT0027525"
"284",">hsa-miR-4680-3p MIMAT0019765"
"285",">hsa-let-7g-5p MIMAT0000414"
"286",">hsa-miR-4757-3p MIMAT0019902"
"287",">hsa-miR-4731-3p MIMAT0019854"
"288",">hsa-miR-4645-5p MIMAT0019705"
"289",">hsa-miR-4304 MIMAT0016854"
"290",">hsa-miR-4511 MIMAT0019048"
"291",">hsa-miR-3658 MIMAT0018078"
"292",">hsa-miR-197-5p MIMAT0022691"
"293",">hsa-miR-34b-3p MIMAT0004676"
"294",">hsa-miR-6846-5p MIMAT0027592"
"295",">hsa-miR-580-5p MIMAT0026617"
"296",">hsa-miR-519e-5p MIMAT0002828"
"297",">hsa-miR-6715b-3p MIMAT0025843"
"298",">hsa-miR-494-5p MIMAT0026607"
"299",">hsa-miR-106a-5p MIMAT0000103"
"300",">hsa-miR-4714-5p MIMAT0019822"
"301",">hsa-miR-599 MIMAT0003267"
"302",">hsa-miR-5697 MIMAT0022490"
"303",">hsa-miR-216b-3p MIMAT0026721"
"304",">hsa-miR-4682 MIMAT0019767"
"305",">hsa-miR-3692-5p MIMAT0018121"
"306",">hsa-miR-4519 MIMAT0019056"
"307",">hsa-miR-6801-5p MIMAT0027502"
"308",">hsa-miR-548v MIMAT0015020"
"309",">hsa-miR-3661 MIMAT0018082"
"310",">hsa-miR-4791 MIMAT0019963"
"311",">hsa-miR-4638-3p MIMAT0019696"
"312",">hsa-miR-214-5p MIMAT0004564"
"313",">hsa-miR-513b-3p MIMAT0026749"
"314",">hsa-miR-6500-3p MIMAT0025455"
"315",">hsa-miR-1296-5p MIMAT0005794"
"316",">hsa-miR-635 MIMAT0003305"
"317",">hsa-miR-6892-5p MIMAT0027684"
"318",">hsa-miR-328-3p MIMAT0000752"
"319",">hsa-miR-372-5p MIMAT0026484"
"320",">hsa-miR-1291 MIMAT0005881"
"321",">hsa-miR-3912-3p MIMAT0018186"
"322",">hsa-miR-190b MIMAT0004929"
"323",">hsa-miR-4673 MIMAT0019755"
"324",">hsa-miR-885-3p MIMAT0004948"
"325",">hsa-miR-6075 MIMAT0023700"
"326",">hsa-miR-495-5p MIMAT0022924"
"327",">hsa-miR-4759 MIMAT0019905"
"328",">hsa-miR-141-5p MIMAT0004598"
"329",">hsa-miR-4484 MIMAT0019018"
"330",">hsa-miR-643 MIMAT0003313"
"331",">hsa-miR-4676-3p MIMAT0019759"
"332",">hsa-miR-3169 MIMAT0015044"
"333",">hsa-miR-4735-5p MIMAT0019860"
"334",">hsa-miR-4756-3p MIMAT0019900"
"335",">hsa-miR-1908-5p MIMAT0007881"
"336",">hsa-miR-2277-3p MIMAT0011777"
"337",">hsa-miR-3162-5p MIMAT0015036"
"338",">hsa-miR-551b-3p MIMAT0003233"
"339",">hsa-miR-5739 MIMAT0023116"
"340",">hsa-miR-6893-5p MIMAT0027686"
"341",">hsa-miR-548ae-3p MIMAT0018954"
"342",">hsa-miR-6821-3p MIMAT0027543"
"343",">hsa-miR-378i MIMAT0019074"
"344",">hsa-miR-4539 MIMAT0019082"
"345",">hsa-miR-323b-5p MIMAT0001630"
"346",">hsa-miR-518a-5p MIMAT0005457"
"347",">hsa-miR-608 MIMAT0003276"
"348",">hsa-miR-6514-5p MIMAT0025484"
"349",">hsa-miR-3615 MIMAT0017994"
"350",">hsa-miR-770-5p MIMAT0003948"
"351",">hsa-miR-3621 MIMAT0018002"
"352",">hsa-miR-4508 MIMAT0019045"
"353",">hsa-miR-6839-3p MIMAT0027581"
"354",">hsa-miR-4698 MIMAT0019793"
"355",">hsa-miR-4521 MIMAT0019058"
"356",">hsa-miR-33a-5p MIMAT0000091"
"357",">hsa-miR-1287-5p MIMAT0005878"
"358",">hsa-miR-4650-5p MIMAT0019713"
"359",">hsa-miR-154-5p MIMAT0000452"
"360",">hsa-miR-6857-3p MIMAT0027615"
"361",">hsa-miR-449b-3p MIMAT0009203"
"362",">hsa-miR-3617-3p MIMAT0022966"
"363",">hsa-miR-4253 MIMAT0016882"
"364",">hsa-miR-216b-5p MIMAT0004959"
"365",">hsa-miR-6817-3p MIMAT0027535"
"366",">hsa-miR-1226-3p MIMAT0005577"
"367",">hsa-miR-127-3p MIMAT0000446"
"368",">hsa-miR-5004-3p MIMAT0021028"
"369",">hsa-miR-2681-5p MIMAT0013515"
"370",">hsa-miR-23b-3p MIMAT0000418"
"371",">hsa-miR-3613-5p MIMAT0017990"
"372",">hsa-miR-5096 MIMAT0020603"
"373",">hsa-miR-3614-5p MIMAT0017992"
"374",">hsa-miR-6779-3p MIMAT0027459"
"375",">hsa-miR-718 MIMAT0012735"
"376",">hsa-miR-4718 MIMAT0019831"
"377",">hsa-miR-98-3p MIMAT0022842"
"378",">hsa-miR-325 MIMAT0000771"
"379",">hsa-miR-6795-3p MIMAT0027491"
"380",">hsa-miR-5195-5p MIMAT0021126"
"381",">hsa-miR-6501-5p MIMAT0025458"
"382",">hsa-miR-4520-5p MIMAT0019235"
"383",">hsa-miR-4774-3p MIMAT0019930"
"384",">hsa-miR-4323 MIMAT0016875"
"385",">hsa-miR-4750-3p MIMAT0022979"
"386",">hsa-miR-4665-5p MIMAT0019739"
"387",">hsa-miR-302a-3p MIMAT0000684"
"388",">hsa-miR-6790-3p MIMAT0027481"
"389",">hsa-miR-148b-5p MIMAT0004699"
"390",">hsa-miR-3129-5p MIMAT0014992"
"391",">hsa-miR-4299 MIMAT0016851"
"392",">hsa-miR-3972 MIMAT0019357"
"393",">hsa-miR-5197-5p MIMAT0021130"
"394",">hsa-miR-1343-5p MIMAT0027038"
"395",">hsa-miR-3960 MIMAT0019337"
"396",">hsa-miR-4303 MIMAT0016856"
"397",">hsa-miR-3132 MIMAT0014997"
"398",">hsa-miR-31-5p MIMAT0000089"
"399",">hsa-miR-541-3p MIMAT0004920"
"400",">hsa-miR-518f-3p MIMAT0002842"
"401",">hsa-miR-6825-3p MIMAT0027551"
"402",">hsa-miR-126-5p MIMAT0000444"
"403",">hsa-miR-6770-3p MIMAT0027441"
"404",">hsa-miR-4420 MIMAT0018933"
"405",">hsa-miR-1258 MIMAT0005909"
"406",">hsa-miR-488-5p MIMAT0002804"
"407",">hsa-miR-3138 MIMAT0015006"
"408",">hsa-miR-4662b MIMAT0019736"
"409",">hsa-miR-6881-3p MIMAT0027663"
"410",">hsa-miR-3142 MIMAT0015011"
"411",">hsa-miR-6775-3p MIMAT0027451"
"412",">hsa-miR-6864-5p MIMAT0027628"
"413",">hsa-miR-6721-5p MIMAT0025852"
"414",">hsa-miR-6782-3p MIMAT0027465"
"415",">hsa-miR-7106-5p MIMAT0028109"
"416",">hsa-miR-139-3p MIMAT0004552"
"417",">hsa-miR-554 MIMAT0003217"
"418",">hsa-miR-491-3p MIMAT0004765"
"419",">hsa-miR-4778-3p MIMAT0019937"
"420",">hsa-miR-4659a-5p MIMAT0019726"
"421",">hsa-miR-6882-3p MIMAT0027665"
"422",">hsa-miR-4261 MIMAT0016890"
"423",">hsa-miR-6754-5p MIMAT0027408"
"424",">hsa-miR-376c-3p MIMAT0000720"
"425",">hsa-miR-6826-3p MIMAT0027553"
"426",">hsa-miR-6867-3p MIMAT0027635"
"427",">hsa-miR-30b-5p MIMAT0000420"
"428",">hsa-miR-5687 MIMAT0022478"
"429",">hsa-miR-9-3p MIMAT0000442"
"430",">hsa-miR-6858-3p MIMAT0027617"
"431",">hsa-miR-4697-5p MIMAT0019791"
"432",">hsa-miR-2681-3p MIMAT0013516"
"433",">hsa-miR-3684 MIMAT0018112"
"434",">hsa-miR-634 MIMAT0003304"
"435",">hsa-miR-208a-5p MIMAT0026474"
"436",">hsa-miR-567 MIMAT0003231"
"437",">hsa-miR-3191-3p MIMAT0015075"
"438",">hsa-miR-4524b-5p MIMAT0022255"
"439",">hsa-miR-6726-5p MIMAT0027353"
"440",">hsa-miR-6797-3p MIMAT0027495"
"441",">hsa-miR-2052 MIMAT0009977"
"442",">hsa-miR-1914-5p MIMAT0007889"
"443",">hsa-miR-330-5p MIMAT0004693"
"444",">hsa-miR-3197 MIMAT0015082"
"445",">hsa-miR-139-5p MIMAT0000250"
"446",">hsa-miR-6761-5p MIMAT0027422"
"447",">hsa-miR-941 MIMAT0004984"
"448",">hsa-miR-4795-5p MIMAT0019968"
"449",">hsa-miR-181b-3p MIMAT0022692"
"450",">hsa-miR-301a-5p MIMAT0022696"
"451",">hsa-miR-5047 MIMAT0020541"
"452",">hsa-miR-548ap-3p MIMAT0021038"
"453",">hsa-miR-571 MIMAT0003236"
"454",">hsa-miR-492 MIMAT0002812"
"455",">hsa-miR-6855-3p MIMAT0027611"
"456",">hsa-miR-340-3p MIMAT0000750"
"457",">hsa-miR-3160-3p MIMAT0015034"
"458",">hsa-miR-4742-5p MIMAT0019872"
"459",">hsa-miR-4446-5p MIMAT0019233"
"460",">hsa-miR-126-3p MIMAT0000445"
"461",">hsa-miR-451a MIMAT0001631"
"462",">hsa-miR-548ag MIMAT0018969"
"463",">hsa-miR-3194-3p MIMAT0019218"
"464",">hsa-miR-8076 MIMAT0031003"
"465",">hsa-miR-7151-5p MIMAT0028212"
"466",">hsa-miR-4709-5p MIMAT0019811"
"467",">hsa-miR-2277-5p MIMAT0017352"
"468",">hsa-miR-526a MIMAT0002845"
"469",">hsa-miR-6784-5p MIMAT0027468"
"470",">hsa-miR-4476 MIMAT0019003"
"471",">hsa-miR-3125 MIMAT0014988"
"472",">hsa-miR-4498 MIMAT0019033"
"473",">hsa-miR-103a-3p MIMAT0000101"
"474",">hsa-miR-4472 MIMAT0018999"
"475",">hsa-let-7i-3p MIMAT0004585"
"476",">hsa-miR-5702 MIMAT0022495"
"477",">hsa-miR-199b-5p MIMAT0000263"
"478",">hsa-miR-383-3p MIMAT0026485"
"479",">hsa-miR-4696 MIMAT0019790"
"480",">hsa-miR-8062 MIMAT0030989"
"481",">hsa-miR-518e-3p MIMAT0002861"
"482",">hsa-miR-7114-5p MIMAT0028125"
"483",">hsa-miR-6821-5p MIMAT0027542"
"484",">hsa-miR-6879-3p MIMAT0027659"
"485",">hsa-miR-5580-5p MIMAT0022273"
"486",">hsa-miR-8079 MIMAT0031006"
"487",">hsa-miR-527 MIMAT0002862"
"488",">hsa-miR-450a-1-3p MIMAT0022700"
"489",">hsa-miR-4499 MIMAT0019035"
"490",">hsa-miR-4781-5p MIMAT0019942"
"491",">hsa-miR-1321 MIMAT0005952"
"492",">hsa-miR-585-3p MIMAT0003250"
"493",">hsa-miR-4305 MIMAT0016857"
"494",">hsa-miR-2276-5p MIMAT0026921"
"495",">hsa-miR-329-3p MIMAT0001629"
"496",">hsa-miR-1915-5p MIMAT0007891"
"497",">hsa-miR-224-5p MIMAT0000281"
"498",">hsa-miR-6840-3p MIMAT0027583"
"499",">hsa-miR-6072 MIMAT0023697"
"500",">hsa-miR-6079 MIMAT0023704"
"501",">hsa-miR-6511b-5p MIMAT0025847"
"502",">hsa-miR-548ax MIMAT0022474"
"503",">hsa-miR-144-3p MIMAT0000436"
"504",">hsa-miR-4700-5p MIMAT0019796"
"505",">hsa-miR-4442 MIMAT0018960"
"506",">hsa-miR-3945 MIMAT0018361"
"507",">hsa-miR-4713-5p MIMAT0019820"
"508",">hsa-miR-520h MIMAT0002867"
"509",">hsa-miR-3616-3p MIMAT0017996"
"510",">hsa-miR-499a-5p MIMAT0002870"
"511",">hsa-miR-4532 MIMAT0019071"
"512",">hsa-miR-4311 MIMAT0016863"
"513",">hsa-miR-4514 MIMAT0019051"
"514",">hsa-miR-374a-3p MIMAT0004688"
"515",">hsa-miR-141-3p MIMAT0000432"
"516",">hsa-miR-6856-5p MIMAT0027612"
"517",">hsa-miR-186-5p MIMAT0000456"
"518",">hsa-miR-339-5p MIMAT0000764"
"519",">hsa-miR-486-5p MIMAT0002177"
"520",">hsa-miR-3927-5p MIMAT0022970"
"521",">hsa-miR-7515 MIMAT0029310"
"522",">hsa-miR-548j-5p MIMAT0005875"
"523",">hsa-miR-548ay-5p MIMAT0025452"
"524",">hsa-miR-3936 MIMAT0018351"
"525",">hsa-miR-4320 MIMAT0016871"
"526",">hsa-miR-4782-3p MIMAT0019945"
"527",">hsa-miR-1273h-5p MIMAT0030415"
"528",">hsa-miR-6823-3p MIMAT0027547"
"529",">hsa-miR-3117-5p MIMAT0019197"
"530",">hsa-miR-218-5p MIMAT0000275"
"531",">hsa-miR-663b MIMAT0005867"
"532",">hsa-miR-1279 MIMAT0005937"
"533",">hsa-miR-4656 MIMAT0019723"
"534",">hsa-miR-135a-5p MIMAT0000428"
"535",">hsa-miR-3922-5p MIMAT0019227"
"536",">hsa-miR-3186-5p MIMAT0015067"
"537",">hsa-miR-6785-5p MIMAT0027470"
"538",">hsa-miR-6723-5p MIMAT0025855"
"539",">hsa-miR-2053 MIMAT0009978"
"540",">hsa-miR-1587 MIMAT0019077"
"541",">hsa-miR-93-5p MIMAT0000093"
"542",">hsa-miR-376c-5p MIMAT0022861"
"543",">hsa-miR-6816-5p MIMAT0027532"
"544",">hsa-miR-4452 MIMAT0018974"
"545",">hsa-miR-548k MIMAT0005882"
"546",">hsa-miR-6736-5p MIMAT0027373"
"547",">hsa-miR-1236-5p MIMAT0022945"
"548",">hsa-miR-764 MIMAT0010367"
"549",">hsa-miR-208b-5p MIMAT0026722"
"550",">hsa-miR-4482-5p MIMAT0019016"
"551",">hsa-miR-6866-3p MIMAT0027633"
"552",">hsa-miR-518f-5p MIMAT0002841"
"553",">hsa-miR-4330 MIMAT0016924"
"554",">hsa-miR-6511b-3p MIMAT0025848"
"555",">hsa-miR-6750-5p MIMAT0027400"
"556",">hsa-miR-4501 MIMAT0019037"
"557",">hsa-miR-8067 MIMAT0030994"
"558",">hsa-miR-4803 MIMAT0019983"
"559",">hsa-miR-887-5p MIMAT0026720"
"560",">hsa-miR-6509-3p MIMAT0025475"
"561",">hsa-miR-7107-5p MIMAT0028111"
"562",">hsa-miR-4772-3p MIMAT0019927"
"563",">hsa-miR-614 MIMAT0003282"
"564",">hsa-miR-3193 MIMAT0015077"
"565",">hsa-miR-4783-3p MIMAT0019947"
"566",">hsa-miR-1250-3p MIMAT0026740"
"567",">hsa-miR-6761-3p MIMAT0027423"
"568",">hsa-miR-6734-3p MIMAT0027370"
"569",">hsa-miR-892a MIMAT0004907"
"570",">hsa-miR-379-3p MIMAT0004690"
"571",">hsa-miR-1304-3p MIMAT0022720"
"572",">hsa-miR-4530 MIMAT0019069"
"573",">hsa-miR-4707-5p MIMAT0019807"
"574",">hsa-miR-6068 MIMAT0023693"
"575",">hsa-miR-24-1-5p MIMAT0000079"
"576",">hsa-miR-3689e MIMAT0019009"
"577",">hsa-miR-5584-3p MIMAT0022284"
"578",">hsa-miR-5010-5p MIMAT0021043"
"579",">hsa-miR-6125 MIMAT0024598"
"580",">hsa-miR-6835-3p MIMAT0027571"
"581",">hsa-miR-4424 MIMAT0018939"
"582",">hsa-miR-7703 MIMAT0030018"
"583",">hsa-miR-652-5p MIMAT0022709"
"584",">hsa-miR-4272 MIMAT0016902"
"585",">hsa-miR-3691-3p MIMAT0019224"
"586",">hsa-miR-3183 MIMAT0015063"
"587",">hsa-miR-6863 MIMAT0027627"
"588",">hsa-miR-3942-3p MIMAT0019230"
"589",">hsa-miR-1244 MIMAT0005896"
"590",">hsa-miR-6812-5p MIMAT0027524"
"591",">hsa-miR-556-3p MIMAT0004793"
"592",">hsa-miR-373-5p MIMAT0000725"
"593",">hsa-miR-564 MIMAT0003228"
"594",">hsa-miR-548o-5p MIMAT0022738"
"595",">hsa-miR-367-3p MIMAT0000719"
"596",">hsa-miR-601 MIMAT0003269"
"597",">hsa-miR-4327 MIMAT0016889"
"598",">hsa-miR-4665-3p MIMAT0019740"
"599",">hsa-miR-4437 MIMAT0018953"
"600",">hsa-miR-548aq-3p MIMAT0022264"
"601",">hsa-miR-5191 MIMAT0021122"
"602",">hsa-miR-4738-3p MIMAT0019867"
"603",">hsa-miR-876-3p MIMAT0004925"
"604",">hsa-miR-6792-3p MIMAT0027485"
"605",">hsa-miR-3922-3p MIMAT0018197"
"606",">hsa-miR-423-5p MIMAT0004748"
"607",">hsa-miR-1272 MIMAT0005925"
"608",">hsa-miR-4434 MIMAT0018950"
"609",">hsa-miR-200a-3p MIMAT0000682"
"610",">hsa-miR-6870-5p MIMAT0027640"
"611",">hsa-miR-509-5p MIMAT0004779"
"612",">hsa-miR-4313 MIMAT0016865"
"613",">hsa-miR-944 MIMAT0004987"
"614",">hsa-miR-3184-3p MIMAT0022731"
"615",">hsa-miR-548e-3p MIMAT0005874"
"616",">hsa-miR-29b-1-5p MIMAT0004514"
"617",">hsa-miR-1265 MIMAT0005918"
"618",">hsa-miR-548ac MIMAT0018938"
"619",">hsa-miR-1343-3p MIMAT0019776"
"620",">hsa-miR-515-3p MIMAT0002827"
"621",">hsa-miR-5694 MIMAT0022487"
"622",">hsa-miR-3166 MIMAT0015040"
"623",">hsa-miR-203b-5p MIMAT0019813"
"624",">hsa-miR-410-3p MIMAT0002171"
"625",">hsa-miR-4317 MIMAT0016872"
"626",">hsa-miR-3164 MIMAT0015038"
"627",">hsa-miR-365b-3p MIMAT0022834"
"628",">hsa-miR-216a-5p MIMAT0000273"
"629",">hsa-miR-514a-5p MIMAT0022702"
"630",">hsa-miR-3190-5p MIMAT0015073"
"631",">hsa-miR-6795-5p MIMAT0027490"
"632",">hsa-miR-4467 MIMAT0018994"
"633",">hsa-miR-6734-5p MIMAT0027369"
"634",">hsa-miR-155-5p MIMAT0000646"
"635",">hsa-miR-1183 MIMAT0005828"
"636",">hsa-miR-548x-3p MIMAT0015081"
"637",">hsa-miR-4694-3p MIMAT0019787"
"638",">hsa-miR-3144-5p MIMAT0015014"
"639",">hsa-let-7d-3p MIMAT0004484"
"640",">hsa-miR-520g-5p MIMAT0026611"
"641",">hsa-miR-7854-3p MIMAT0030429"
"642",">hsa-miR-3652 MIMAT0018072"
"643",">hsa-miR-1275 MIMAT0005929"
"644",">hsa-miR-500a-3p MIMAT0002871"
"645",">hsa-miR-552-3p MIMAT0003215"
"646",">hsa-miR-22-3p MIMAT0000077"
"647",">hsa-miR-219a-2-3p MIMAT0004675"
"648",">hsa-miR-570-5p MIMAT0022707"
"649",">hsa-miR-411-5p MIMAT0003329"
"650",">hsa-miR-1288-5p MIMAT0026743"
"651",">hsa-miR-6884-3p MIMAT0027669"
"652",">hsa-miR-891b MIMAT0004913"
"653",">hsa-miR-3606-5p MIMAT0017983"
"654",">hsa-miR-3147 MIMAT0015019"
"655",">hsa-miR-1247-3p MIMAT0022721"
"656",">hsa-miR-5700 MIMAT0022493"
"657",">hsa-miR-4653-3p MIMAT0019719"
"658",">hsa-miR-1252-3p MIMAT0026744"
"659",">hsa-miR-5090 MIMAT0021082"
"660",">hsa-miR-365a-3p MIMAT0000710"
"661",">hsa-miR-7154-3p MIMAT0028219"
"662",">hsa-miR-3179 MIMAT0015056"
"663",">hsa-miR-6792-5p MIMAT0027484"
"664",">hsa-miR-3152-5p MIMAT0019207"
"665",">hsa-miR-744-3p MIMAT0004946"
"666",">hsa-miR-138-2-3p MIMAT0004596"
"667",">hsa-miR-8084 MIMAT0031011"
"668",">hsa-miR-5707 MIMAT0022501"
"669",">hsa-miR-8081 MIMAT0031008"
"670",">hsa-miR-502-3p MIMAT0004775"
"671",">hsa-miR-3937 MIMAT0018352"
"672",">hsa-miR-3064-5p MIMAT0019864"
"673",">hsa-miR-509-3-5p MIMAT0004975"
"674",">hsa-miR-889-5p MIMAT0026719"
"675",">hsa-miR-6745 MIMAT0027391"
"676",">hsa-miR-3918 MIMAT0018192"
"677",">hsa-miR-4755-5p MIMAT0019895"
"678",">hsa-miR-3619-3p MIMAT0019219"
"679",">hsa-miR-500b-5p MIMAT0016925"
"680",">hsa-miR-192-3p MIMAT0004543"
"681",">hsa-miR-4296 MIMAT0016845"
"682",">hsa-miR-517a-3p MIMAT0002852"
"683",">hsa-miR-873-5p MIMAT0004953"
"684",">hsa-miR-1233-5p MIMAT0022943"
"685",">hsa-miR-1266-3p MIMAT0026742"
"686",">hsa-miR-2114-5p MIMAT0011156"
"687",">hsa-miR-222-5p MIMAT0004569"
"688",">hsa-miR-542-3p MIMAT0003389"
"689",">hsa-miR-4768-5p MIMAT0019920"
"690",">hsa-miR-589-5p MIMAT0004799"
"691",">hsa-miR-16-1-3p MIMAT0004489"
"692",">hsa-miR-181c-3p MIMAT0004559"
"693",">hsa-miR-517b-3p MIMAT0002857"
"694",">hsa-miR-548o-3p MIMAT0005919"
"695",">hsa-miR-624-3p MIMAT0004807"
"696",">hsa-miR-6766-5p MIMAT0027432"
"697",">hsa-miR-4777-3p MIMAT0019935"
"698",">hsa-miR-181a-2-3p MIMAT0004558"
"699",">hsa-miR-6814-5p MIMAT0027528"
"700",">hsa-miR-4732-3p MIMAT0019856"
"701",">hsa-miR-335-3p MIMAT0004703"
"702",">hsa-miR-5581-5p MIMAT0022275"
"703",">hsa-miR-27a-5p MIMAT0004501"
"704",">hsa-miR-875-5p MIMAT0004922"
"705",">hsa-miR-942-3p MIMAT0026734"
"706",">hsa-miR-4269 MIMAT0016897"
"707",">hsa-miR-376a-2-5p MIMAT0022928"
"708",">hsa-miR-650 MIMAT0003320"
"709",">hsa-miR-1245a MIMAT0005897"
"710",">hsa-miR-6884-5p MIMAT0027668"
"711",">hsa-miR-1184 MIMAT0005829"
"712",">hsa-miR-4256 MIMAT0016877"
"713",">hsa-miR-517-5p MIMAT0002851"
"714",">hsa-miR-4480 MIMAT0019014"
"715",">hsa-miR-4635 MIMAT0019692"
"716",">hsa-miR-4531 MIMAT0019070"
"717",">hsa-miR-6892-3p MIMAT0027685"
"718",">hsa-miR-4797-5p MIMAT0019972"
"719",">hsa-miR-18b-5p MIMAT0001412"
"720",">hsa-miR-18a-5p MIMAT0000072"
"721",">hsa-miR-4778-5p MIMAT0019936"
"722",">hsa-miR-3943 MIMAT0018359"
"723",">hsa-miR-6773-3p MIMAT0027447"
"724",">hsa-miR-6507-3p MIMAT0025471"
"725",">hsa-miR-7-1-3p MIMAT0004553"
"726",">hsa-miR-378j MIMAT0024612"
"727",">hsa-miR-6839-5p MIMAT0027580"
"728",">hsa-miR-6788-3p MIMAT0027477"
"729",">hsa-miR-337-5p MIMAT0004695"
"730",">hsa-miR-4800-3p MIMAT0019979"
"731",">hsa-miR-374a-5p MIMAT0000727"
"732",">hsa-miR-6513-3p MIMAT0025483"
"733",">hsa-miR-4524a-5p MIMAT0019062"
"734",">hsa-miR-28-3p MIMAT0004502"
"735",">hsa-miR-4640-5p MIMAT0019699"
"736",">hsa-miR-3611 MIMAT0017988"
"737",">hsa-miR-8070 MIMAT0030997"
"738",">hsa-miR-10a-5p MIMAT0000253"
"739",">hsa-miR-29b-2-5p MIMAT0004515"
"740",">hsa-miR-4727-3p MIMAT0019848"
"741",">hsa-miR-561-3p MIMAT0003225"
"742",">hsa-miR-514b-5p MIMAT0015087"
"743",">hsa-miR-638 MIMAT0003308"
"744",">hsa-miR-6516-5p MIMAT0030417"
"745",">hsa-miR-3607-3p MIMAT0017985"
"746",">hsa-miR-3146 MIMAT0015018"
"747",">hsa-miR-4707-3p MIMAT0019808"
"748",">hsa-miR-6860 MIMAT0027622"
"749",">hsa-miR-4267 MIMAT0016893"
"750",">hsa-miR-4325 MIMAT0016887"
"751",">hsa-miR-510-5p MIMAT0002882"
"752",">hsa-miR-5587-3p MIMAT0022290"
"753",">hsa-miR-4726-5p MIMAT0019845"
"754",">hsa-miR-490-3p MIMAT0002806"
"755",">hsa-miR-647 MIMAT0003317"
"756",">hsa-miR-4726-3p MIMAT0019846"
"757",">hsa-miR-559 MIMAT0003223"
"758",">hsa-miR-101-3p MIMAT0000099"
"759",">hsa-miR-4644 MIMAT0019704"
"760",">hsa-miR-6716-5p MIMAT0025844"
"761",">hsa-miR-301b-5p MIMAT0032026"
"762",">hsa-miR-3134 MIMAT0015000"
"763",">hsa-miR-127-5p MIMAT0004604"
"764",">hsa-miR-4663 MIMAT0019735"
"765",">hsa-miR-193b-3p MIMAT0002819"
"766",">hsa-miR-589-3p MIMAT0003256"
"767",">hsa-miR-6861-3p MIMAT0027624"
"768",">hsa-miR-4419a MIMAT0018931"
"769",">hsa-miR-6722-5p MIMAT0025853"
"770",">hsa-miR-7853-5p MIMAT0030428"
"771",">hsa-miR-5194 MIMAT0021125"
"772",">hsa-miR-520a-3p MIMAT0002834"
"773",">hsa-miR-3192-5p MIMAT0015076"
"774",">hsa-miR-6836-3p MIMAT0027575"
"775",">hsa-miR-597-3p MIMAT0026619"
"776",">hsa-miR-548x-5p MIMAT0022733"
"777",">hsa-miR-6888-3p MIMAT0027677"
"778",">hsa-miR-6793-5p MIMAT0027486"
"779",">hsa-miR-8075 MIMAT0031002"
"780",">hsa-miR-1471 MIMAT0007349"
"781",">hsa-miR-5590-3p MIMAT0022300"
"782",">hsa-miR-24-3p MIMAT0000080"
"783",">hsa-miR-6825-5p MIMAT0027550"
"784",">hsa-miR-3934-5p MIMAT0018349"
"785",">hsa-miR-6508-5p MIMAT0025472"
"786",">hsa-miR-1238-3p MIMAT0005593"
"787",">hsa-miR-598-3p MIMAT0003266"
"788",">hsa-miR-6773-5p MIMAT0027446"
"789",">hsa-miR-548an MIMAT0019079"
"790",">hsa-miR-134-5p MIMAT0000447"
"791",">hsa-miR-7157-3p MIMAT0028225"
"792",">hsa-miR-4512 MIMAT0019049"
"793",">hsa-miR-6733-5p MIMAT0027367"
"794",">hsa-miR-6749-5p MIMAT0027398"
"795",">hsa-miR-182-3p MIMAT0000260"
"796",">hsa-miR-625-3p MIMAT0004808"
"797",">hsa-miR-616-5p MIMAT0003284"
"798",">hsa-miR-138-5p MIMAT0000430"
"799",">hsa-miR-4448 MIMAT0018967"
"800",">hsa-miR-4430 MIMAT0018945"
"801",">hsa-miR-3117-3p MIMAT0014979"
"802",">hsa-miR-3065-3p MIMAT0015378"
"803",">hsa-miR-6852-3p MIMAT0027605"
"804",">hsa-miR-6505-5p MIMAT0025466"
"805",">hsa-miR-365a-5p MIMAT0009199"
"806",">hsa-miR-6816-3p MIMAT0027533"
"807",">hsa-miR-380-3p MIMAT0000735"
"808",">hsa-miR-539-3p MIMAT0022705"
"809",">hsa-miR-4487 MIMAT0019021"
"810",">hsa-miR-548n MIMAT0005916"
"811",">hsa-miR-217 MIMAT0000274"
"812",">hsa-miR-892b MIMAT0004918"
"813",">hsa-miR-6805-5p MIMAT0027510"
"814",">hsa-miR-3942-5p MIMAT0018358"
"815",">hsa-miR-1245b-5p MIMAT0019950"
"816",">hsa-let-7e-3p MIMAT0004485"
"817",">hsa-miR-659-5p MIMAT0022710"
"818",">hsa-miR-3191-5p MIMAT0022732"
"819",">hsa-miR-6886-3p MIMAT0027673"
"820",">hsa-miR-3180-3p MIMAT0015058"
"821",">hsa-miR-2467-5p MIMAT0019952"
"822",">hsa-miR-5688 MIMAT0022479"
"823",">hsa-miR-6872-3p MIMAT0027645"
"824",">hsa-miR-1288-3p MIMAT0005942"
"825",">hsa-miR-3679-5p MIMAT0018104"
"826",">hsa-miR-6867-5p MIMAT0027634"
"827",">hsa-miR-4494 MIMAT0019029"
"828",">hsa-miR-548c-5p MIMAT0004806"
"829",">hsa-miR-128-1-5p MIMAT0026477"
"830",">hsa-miR-7704 MIMAT0030019"
"831",">hsa-miR-15b-3p MIMAT0004586"
"832",">hsa-miR-664b-3p MIMAT0022272"
"833",">hsa-miR-4697-3p MIMAT0019792"
"834",">hsa-miR-4645-3p MIMAT0019706"
"835",">hsa-miR-4458 MIMAT0018980"
"836",">hsa-miR-181b-5p MIMAT0000257"
"837",">hsa-miR-196b-5p MIMAT0001080"
"838",">hsa-miR-3934-3p MIMAT0022975"
"839",">hsa-miR-219b-5p MIMAT0019747"
"840",">hsa-miR-4746-3p MIMAT0019881"
"841",">hsa-miR-1266-5p MIMAT0005920"
"842",">hsa-miR-6791-5p MIMAT0027482"
"843",">hsa-miR-409-5p MIMAT0001638"
"844",">hsa-miR-508-5p MIMAT0004778"
"845",">hsa-miR-3909 MIMAT0018183"
"846",">hsa-miR-4504 MIMAT0019040"
"847",">hsa-miR-6850-5p MIMAT0027600"
"848",">hsa-miR-3683 MIMAT0018111"
"849",">hsa-miR-587 MIMAT0003253"
"850",">hsa-miR-4417 MIMAT0018929"
"851",">hsa-miR-4469 MIMAT0018996"
"852",">hsa-miR-6804-3p MIMAT0027509"
"853",">hsa-miR-510-3p MIMAT0026613"
"854",">hsa-miR-624-5p MIMAT0003293"
"855",">hsa-miR-548ap-5p MIMAT0021037"
"856",">hsa-miR-3151-3p MIMAT0027026"
"857",">hsa-miR-1304-5p MIMAT0005892"
"858",">hsa-miR-193b-5p MIMAT0004767"
"859",">hsa-miR-6074 MIMAT0023699"
"860",">hsa-miR-7155-3p MIMAT0028221"
"861",">hsa-miR-8087 MIMAT0031014"
"862",">hsa-miR-550a-5p MIMAT0004800"
"863",">hsa-miR-6510-5p MIMAT0025476"
"864",">hsa-miR-3605-5p MIMAT0017981"
"865",">hsa-miR-1268b MIMAT0018925"
"866",">hsa-miR-6129 MIMAT0024613"
"867",">hsa-miR-6857-5p MIMAT0027614"
"868",">hsa-miR-215-3p MIMAT0026476"
"869",">hsa-miR-30b-3p MIMAT0004589"
"870",">hsa-miR-4687-3p MIMAT0019775"
"871",">hsa-miR-4794 MIMAT0019967"
"872",">hsa-miR-6727-3p MIMAT0027356"
"873",">hsa-miR-516a-5p MIMAT0004770"
"874",">hsa-miR-6806-5p MIMAT0027512"
"875",">hsa-miR-29b-3p MIMAT0000100"
"876",">hsa-miR-4713-3p MIMAT0019821"
"877",">hsa-miR-6755-3p MIMAT0027411"
"878",">hsa-miR-4433b-5p MIMAT0030413"
"879",">hsa-miR-4659b-3p MIMAT0019734"
"880",">hsa-miR-8052 MIMAT0030979"
"881",">hsa-miR-6513-5p MIMAT0025482"
"882",">hsa-miR-6872-5p MIMAT0027644"
"883",">hsa-miR-5011-5p MIMAT0021045"
"884",">hsa-miR-431-5p MIMAT0001625"
"885",">hsa-miR-7974 MIMAT0031177"
"886",">hsa-miR-6768-5p MIMAT0027436"
"887",">hsa-miR-6516-3p MIMAT0030418"
"888",">hsa-miR-200b-3p MIMAT0000318"
"889",">hsa-miR-548ar-5p MIMAT0022265"
"890",">hsa-miR-3201 MIMAT0015086"
"891",">hsa-miR-1249-5p MIMAT0032029"
"892",">hsa-miR-6499-5p MIMAT0025450"
"893",">hsa-miR-1305 MIMAT0005893"
"894",">hsa-miR-937-3p MIMAT0004980"
"895",">hsa-miR-432-3p MIMAT0002815"
"896",">hsa-miR-6870-3p MIMAT0027641"
"897",">hsa-miR-6510-3p MIMAT0025477"
"898",">hsa-miR-3660 MIMAT0018081"
"899",">hsa-miR-550b-3p MIMAT0018445"
"900",">hsa-miR-606 MIMAT0003274"
"901",">hsa-miR-3180 MIMAT0018178"
"902",">hsa-miR-421 MIMAT0003339"
"903",">hsa-miR-519e-3p MIMAT0002829"
"904",">hsa-miR-151a-5p MIMAT0004697"
"905",">hsa-miR-378g MIMAT0018937"
"906",">hsa-miR-29a-5p MIMAT0004503"
"907",">hsa-miR-6891-3p MIMAT0027683"
"908",">hsa-miR-6894-3p MIMAT0027689"
"909",">hsa-miR-521 MIMAT0002854"
"910",">hsa-miR-518c-5p MIMAT0002847"
"911",">hsa-miR-646 MIMAT0003316"
"912",">hsa-miR-4788 MIMAT0019958"
"913",">hsa-miR-590-5p MIMAT0003258"
"914",">hsa-miR-4483 MIMAT0019017"
"915",">hsa-miR-1281 MIMAT0005939"
"916",">hsa-miR-5192 MIMAT0021123"
"917",">hsa-miR-3657 MIMAT0018077"
"918",">hsa-miR-148a-3p MIMAT0000243"
"919",">hsa-miR-4691-5p MIMAT0019781"
"920",">hsa-miR-3151-5p MIMAT0015024"
"921",">hsa-miR-8054 MIMAT0030981"
"922",">hsa-miR-4482-3p MIMAT0020958"
"923",">hsa-miR-412-5p MIMAT0026557"
"924",">hsa-miR-6851-3p MIMAT0027603"
"925",">hsa-miR-6502-5p MIMAT0025460"
"926",">hsa-miR-2113 MIMAT0009206"
"927",">hsa-miR-570-3p MIMAT0003235"
"928",">hsa-miR-6736-3p MIMAT0027374"
"929",">hsa-miR-4757-5p MIMAT0019901"
"930",">hsa-miR-3135a MIMAT0015001"
"931",">hsa-miR-324-3p MIMAT0000762"
"932",">hsa-miR-622 MIMAT0003291"
"933",">hsa-miR-5571-3p MIMAT0022258"
"934",">hsa-miR-581 MIMAT0003246"
"935",">hsa-miR-7156-3p MIMAT0028223"
"936",">hsa-miR-520g-3p MIMAT0002858"
"937",">hsa-miR-1207-3p MIMAT0005872"
"938",">hsa-miR-506-3p MIMAT0002878"
"939",">hsa-miR-6811-5p MIMAT0027522"
"940",">hsa-miR-6775-5p MIMAT0027450"
"941",">hsa-miR-6748-5p MIMAT0027396"
"942",">hsa-miR-1273h-3p MIMAT0030416"
"943",">hsa-miR-31-3p MIMAT0004504"
"944",">hsa-miR-676-5p MIMAT0018203"
"945",">hsa-miR-2115-3p MIMAT0011159"
"946",">hsa-miR-7152-5p MIMAT0028214"
"947",">hsa-miR-4460 MIMAT0018982"
"948",">hsa-miR-5681a MIMAT0022469"
"949",">hsa-miR-3974 MIMAT0019359"
"950",">hsa-miR-6083 MIMAT0023708"
"951",">hsa-miR-7156-5p MIMAT0028222"
"952",">hsa-miR-6802-3p MIMAT0027505"
"953",">hsa-miR-6780a-5p MIMAT0027460"
"954",">hsa-miR-484 MIMAT0002174"
"955",">hsa-miR-6770-5p MIMAT0027440"
"956",">hsa-miR-382-3p MIMAT0022697"
"957",">hsa-miR-4752 MIMAT0019889"
"958",">hsa-miR-4701-5p MIMAT0019798"
"959",">hsa-miR-6848-5p MIMAT0027596"
"960",">hsa-miR-6724-5p MIMAT0025856"
"961",">hsa-miR-124-3p MIMAT0000422"
"962",">hsa-miR-3923 MIMAT0018198"
"963",">hsa-miR-4422 MIMAT0018935"
"964",">hsa-miR-96-3p MIMAT0004510"
"965",">hsa-miR-4441 MIMAT0018959"
"966",">hsa-miR-4535 MIMAT0019075"
"967",">hsa-miR-6831-3p MIMAT0027563"
"968",">hsa-miR-4676-5p MIMAT0019758"
"969",">hsa-miR-1324 MIMAT0005956"
"970",">hsa-miR-320d MIMAT0006764"
"971",">hsa-miR-526b-5p MIMAT0002835"
"972",">hsa-miR-3620-5p MIMAT0022967"
"973",">hsa-miR-3926 MIMAT0018201"
"974",">hsa-miR-95-3p MIMAT0000094"
"975",">hsa-miR-4688 MIMAT0019777"
"976",">hsa-miR-222-3p MIMAT0000279"
"977",">hsa-miR-617 MIMAT0003286"
"978",">hsa-miR-6865-3p MIMAT0027631"
"979",">hsa-miR-4285 MIMAT0016913"
"980",">hsa-miR-1178-3p MIMAT0005823"
"981",">hsa-miR-4796-5p MIMAT0019970"
"982",">hsa-miR-1297 MIMAT0005886"
"983",">hsa-miR-7852-3p MIMAT0030427"
"984",">hsa-miR-1208 MIMAT0005873"
"985",">hsa-miR-4522 MIMAT0019060"
"986",">hsa-miR-34c-3p MIMAT0004677"
"987",">hsa-miR-6784-3p MIMAT0027469"
"988",">hsa-miR-767-3p MIMAT0003883"
"989",">hsa-miR-6771-5p MIMAT0027442"
"990",">hsa-miR-6875-3p MIMAT0027651"
"991",">hsa-miR-1253 MIMAT0005904"
"992",">hsa-miR-4764-5p MIMAT0019914"
"993",">hsa-miR-6789-3p MIMAT0027479"
"994",">hsa-miR-134-3p MIMAT0026481"
"995",">hsa-miR-936 MIMAT0004979"
"996",">hsa-miR-921 MIMAT0004971"
"997",">hsa-miR-193a-3p MIMAT0000459"
"998",">hsa-miR-1185-5p MIMAT0005798"
"999",">hsa-miR-6847-5p MIMAT0027594"
"1000",">hsa-miR-1199-5p MIMAT0031119"
"1001",">hsa-miR-4655-3p MIMAT0019722"
"1002",">hsa-miR-6833-3p MIMAT0027567"
"1003",">hsa-miR-1277-3p MIMAT0005933"
"1004",">hsa-miR-4776-3p MIMAT0019933"
"1005",">hsa-miR-1538 MIMAT0007400"
"1006",">hsa-miR-3116 MIMAT0014978"
"1007",">hsa-miR-208a-3p MIMAT0000241"
"1008",">hsa-miR-30c-2-3p MIMAT0004550"
"1009",">hsa-miR-30e-3p MIMAT0000693"
"1010",">hsa-miR-149-5p MIMAT0000450"
"1011",">hsa-miR-4646-5p MIMAT0019707"
"1012",">hsa-miR-3198 MIMAT0015083"
"1013",">hsa-miR-221-3p MIMAT0000278"
"1014",">hsa-miR-3139 MIMAT0015007"
"1015",">hsa-miR-520f-5p MIMAT0026609"
"1016",">hsa-miR-4999-5p MIMAT0021017"
"1017",">hsa-miR-20b-3p MIMAT0004752"
"1018",">hsa-miR-5188 MIMAT0021119"
"1019",">hsa-miR-652-3p MIMAT0003322"
"1020",">hsa-miR-4737 MIMAT0019863"
"1021",">hsa-miR-3656 MIMAT0018076"
"1022",">hsa-miR-498 MIMAT0002824"
"1023",">hsa-miR-4734 MIMAT0019859"
"1024",">hsa-miR-1469 MIMAT0007347"
"1025",">hsa-miR-4490 MIMAT0019025"
"1026",">hsa-miR-4260 MIMAT0016881"
"1027",">hsa-miR-2115-5p MIMAT0011158"
"1028",">hsa-miR-5681b MIMAT0022480"
"1029",">hsa-miR-4662a-5p MIMAT0019731"
"1030",">hsa-miR-633 MIMAT0003303"
"1031",">hsa-miR-6084 MIMAT0023709"
"1032",">hsa-miR-4471 MIMAT0018998"
"1033",">hsa-miR-212-3p MIMAT0000269"
"1034",">hsa-miR-585-5p MIMAT0026618"
"1035",">hsa-miR-1224-5p MIMAT0005458"
"1036",">hsa-miR-4772-5p MIMAT0019926"
"1037",">hsa-miR-6764-3p MIMAT0027429"
"1038",">hsa-miR-3158-3p MIMAT0015032"
"1039",">hsa-miR-4427 MIMAT0018942"
"1040",">hsa-miR-3913-5p MIMAT0018187"
"1041",">hsa-miR-553 MIMAT0003216"
"1042",">hsa-miR-6740-3p MIMAT0027382"
"1043",">hsa-miR-568 MIMAT0003232"
"1044",">hsa-miR-3714 MIMAT0018165"
"1045",">hsa-miR-592 MIMAT0003260"
"1046",">hsa-miR-6741-5p MIMAT0027383"
"1047",">hsa-miR-3189-5p MIMAT0019217"
"1048",">hsa-miR-3616-5p MIMAT0017995"
"1049",">hsa-miR-6753-5p MIMAT0027406"
"1050",">hsa-miR-940 MIMAT0004983"
"1051",">hsa-miR-33b-3p MIMAT0004811"
"1052",">hsa-miR-4668-3p MIMAT0019746"
"1053",">hsa-miR-588 MIMAT0003255"
"1054",">hsa-miR-1251-5p MIMAT0005903"
"1055",">hsa-miR-8078 MIMAT0031005"
"1056",">hsa-miR-5703 MIMAT0022496"
"1057",">hsa-miR-146a-3p MIMAT0004608"
"1058",">hsa-miR-449c-5p MIMAT0010251"
"1059",">hsa-miR-5087 MIMAT0021079"
"1060",">hsa-miR-6800-3p MIMAT0027501"
"1061",">hsa-miR-3913-3p MIMAT0019225"
"1062",">hsa-miR-6814-3p MIMAT0027529"
"1063",">hsa-miR-1292-3p MIMAT0022948"
"1064",">hsa-miR-6735-3p MIMAT0027372"
"1065",">hsa-miR-548av-3p MIMAT0022304"
"1066",">hsa-miR-5701 MIMAT0022494"
"1067",">hsa-miR-450b-3p MIMAT0004910"
"1068",">hsa-miR-7847-3p MIMAT0030422"
"1069",">hsa-miR-4497 MIMAT0019032"
"1070",">hsa-miR-3187-5p MIMAT0019216"
"1071",">hsa-miR-6820-5p MIMAT0027540"
"1072",">hsa-miR-1181 MIMAT0005826"
"1073",">hsa-miR-3121-3p MIMAT0014983"
"1074",">hsa-miR-8058 MIMAT0030985"
"1075",">hsa-miR-452-5p MIMAT0001635"
"1076",">hsa-miR-642a-5p MIMAT0003312"
"1077",">hsa-miR-1204 MIMAT0005868"
"1078",">hsa-miR-6753-3p MIMAT0027407"
"1079",">hsa-miR-3156-5p MIMAT0015030"
"1080",">hsa-miR-363-5p MIMAT0003385"
"1081",">hsa-miR-7851-3p MIMAT0030426"
"1082",">hsa-miR-3152-3p MIMAT0015025"
"1083",">hsa-miR-520e MIMAT0002825"
"1084",">hsa-miR-607 MIMAT0003275"
"1085",">hsa-miR-6783-5p MIMAT0027466"
"1086",">hsa-miR-520c-5p MIMAT0005455"
"1087",">hsa-miR-4766-5p MIMAT0019917"
"1088",">hsa-miR-580-3p MIMAT0003245"
"1089",">hsa-miR-4716-3p MIMAT0019827"
"1090",">hsa-miR-6881-5p MIMAT0027662"
"1091",">hsa-miR-25-5p MIMAT0004498"
"1092",">hsa-miR-3178 MIMAT0015055"
"1093",">hsa-miR-548b-3p MIMAT0003254"
"1094",">hsa-miR-4651 MIMAT0019715"
"1095",">hsa-miR-4798-5p MIMAT0019974"
"1096",">hsa-miR-148a-5p MIMAT0004549"
"1097",">hsa-miR-4781-3p MIMAT0019943"
"1098",">hsa-miR-4538 MIMAT0019081"
"1099",">hsa-miR-6722-3p MIMAT0025854"
"1100",">hsa-miR-4716-5p MIMAT0019826"
"1101",">hsa-miR-3973 MIMAT0019358"
"1102",">hsa-miR-99b-5p MIMAT0000689"
"1103",">hsa-miR-548au-5p MIMAT0022291"
"1104",">hsa-miR-494-3p MIMAT0002816"
"1105",">hsa-miR-452-3p MIMAT0001636"
"1106",">hsa-miR-19b-2-5p MIMAT0004492"
"1107",">hsa-miR-221-5p MIMAT0004568"
"1108",">hsa-miR-4322 MIMAT0016873"
"1109",">hsa-miR-6780a-3p MIMAT0027461"
"1110",">hsa-miR-4329 MIMAT0016923"
"1111",">hsa-miR-548at-3p MIMAT0022278"
"1112",">hsa-miR-4704-3p MIMAT0019804"
"1113",">hsa-miR-3664-3p MIMAT0019220"
"1114",">hsa-miR-4648 MIMAT0019710"
"1115",">hsa-let-7f-2-3p MIMAT0004487"
"1116",">hsa-miR-551a MIMAT0003214"
"1117",">hsa-miR-4749-5p MIMAT0019885"
"1118",">hsa-miR-7844-5p MIMAT0030419"
"1119",">hsa-miR-3167 MIMAT0015042"
"1120",">hsa-miR-1295b-5p MIMAT0022293"
"1121",">hsa-miR-891a-3p MIMAT0026717"
"1122",">hsa-miR-215-5p MIMAT0000272"
"1123",">hsa-miR-1292-5p MIMAT0005943"
"1124",">hsa-miR-4670-3p MIMAT0019751"
"1125",">hsa-miR-605-5p MIMAT0003273"
"1126",">hsa-miR-6806-3p MIMAT0027513"
"1127",">hsa-miR-4720-5p MIMAT0019833"
"1128",">hsa-miR-6758-3p MIMAT0027417"
"1129",">hsa-miR-5684 MIMAT0022473"
"1130",">hsa-miR-150-5p MIMAT0000451"
"1131",">hsa-miR-361-3p MIMAT0004682"
"1132",">hsa-miR-6133 MIMAT0024617"
"1133",">hsa-miR-4446-3p MIMAT0018965"
"1134",">hsa-miR-4281 MIMAT0016907"
"1135",">hsa-miR-628-5p MIMAT0004809"
"1136",">hsa-miR-100-3p MIMAT0004512"
"1137",">hsa-miR-3133 MIMAT0014998"
"1138",">hsa-miR-4298 MIMAT0016852"
"1139",">hsa-miR-6777-3p MIMAT0027455"
"1140",">hsa-miR-6759-5p MIMAT0027418"
"1141",">hsa-miR-323a-5p MIMAT0004696"
"1142",">hsa-miR-345-5p MIMAT0000772"
"1143",">hsa-miR-877-5p MIMAT0004949"
"1144",">hsa-miR-5008-5p MIMAT0021039"
"1145",">hsa-miR-27b-5p MIMAT0004588"
"1146",">hsa-miR-301b-3p MIMAT0004958"
"1147",">hsa-miR-5000-3p MIMAT0021020"
"1148",">hsa-miR-4776-5p MIMAT0019932"
"1149",">hsa-miR-1227-3p MIMAT0005580"
"1150",">hsa-miR-659-3p MIMAT0003337"
"1151",">hsa-miR-92a-2-5p MIMAT0004508"
"1152",">hsa-miR-6813-5p MIMAT0027526"
"1153",">hsa-miR-1256 MIMAT0005907"
"1154",">hsa-miR-105-5p MIMAT0000102"
"1155",">hsa-miR-4755-3p MIMAT0019896"
"1156",">hsa-miR-640 MIMAT0003310"
"1157",">hsa-miR-199a-3p MIMAT0000232"
"1158",">hsa-miR-1224-3p MIMAT0005459"
"1159",">hsa-miR-30d-3p MIMAT0004551"
"1160",">hsa-miR-1307-5p MIMAT0022727"
"1161",">hsa-miR-32-3p MIMAT0004505"
"1162",">hsa-miR-4500 MIMAT0019036"
"1163",">hsa-miR-4273 MIMAT0016903"
"1164",">hsa-miR-525-3p MIMAT0002839"
"1165",">hsa-miR-708-5p MIMAT0004926"
"1166",">hsa-miR-488-3p MIMAT0004763"
"1167",">hsa-miR-4466 MIMAT0018993"
"1168",">hsa-miR-2467-3p MIMAT0019953"
"1169",">hsa-miR-6764-5p MIMAT0027428"
"1170",">hsa-miR-3928-5p MIMAT0027037"
"1171",">hsa-miR-548y MIMAT0018354"
"1172",">hsa-miR-3914 MIMAT0018188"
"1173",">hsa-miR-34a-5p MIMAT0000255"
"1174",">hsa-miR-335-5p MIMAT0000765"
"1175",">hsa-miR-711 MIMAT0012734"
"1176",">hsa-miR-5588-3p MIMAT0022296"
"1177",">hsa-miR-6848-3p MIMAT0027597"
"1178",">hsa-miR-6769a-5p MIMAT0027438"
"1179",">hsa-miR-5091 MIMAT0021083"
"1180",">hsa-miR-26a-5p MIMAT0000082"
"1181",">hsa-miR-99b-3p MIMAT0004678"
"1182",">hsa-miR-4793-5p MIMAT0019965"
"1183",">hsa-miR-6819-5p MIMAT0027538"
"1184",">hsa-miR-6747-3p MIMAT0027395"
"1185",">hsa-miR-190a-5p MIMAT0000458"
"1186",">hsa-miR-7109-5p MIMAT0028115"
"1187",">hsa-miR-6728-3p MIMAT0027358"
"1188",">hsa-miR-4647 MIMAT0019709"
"1189",">hsa-miR-3674 MIMAT0018097"
"1190",">hsa-miR-3165 MIMAT0015039"
"1191",">hsa-miR-548c-3p MIMAT0003285"
"1192",">hsa-miR-4308 MIMAT0016861"
"1193",">hsa-miR-6731-5p MIMAT0027363"
"1194",">hsa-miR-3130-3p MIMAT0014994"
"1195",">hsa-miR-3666 MIMAT0018088"
"1196",">hsa-miR-4639-5p MIMAT0019697"
"1197",">hsa-miR-297 MIMAT0004450"
"1198",">hsa-miR-1264 MIMAT0005791"
"1199",">hsa-miR-5583-3p MIMAT0022282"
"1200",">hsa-miR-3188 MIMAT0015070"
"1201",">hsa-let-7a-5p MIMAT0000062"
"1202",">hsa-miR-6080 MIMAT0023705"
"1203",">hsa-miR-7-5p MIMAT0000252"
"1204",">hsa-miR-3136-5p MIMAT0015003"
"1205",">hsa-miR-499a-3p MIMAT0004772"
"1206",">hsa-miR-629-3p MIMAT0003298"
"1207",">hsa-miR-4771 MIMAT0019925"
"1208",">hsa-miR-518d-3p MIMAT0002864"
"1209",">hsa-miR-6815-5p MIMAT0027530"
"1210",">hsa-miR-6746-5p MIMAT0027392"
"1211",">hsa-miR-6772-3p MIMAT0027445"
"1212",">hsa-miR-130a-5p MIMAT0004593"
"1213",">hsa-miR-137 MIMAT0000429"
"1214",">hsa-miR-874-3p MIMAT0004911"
"1215",">hsa-miR-331-3p MIMAT0000760"
"1216",">hsa-miR-187-3p MIMAT0000262"
"1217",">hsa-miR-3150a-3p MIMAT0015023"
"1218",">hsa-miR-4433b-3p MIMAT0030414"
"1219",">hsa-miR-924 MIMAT0004974"
"1220",">hsa-miR-523-3p MIMAT0002840"
"1221",">hsa-miR-577 MIMAT0003242"
"1222",">hsa-miR-579-3p MIMAT0003244"
"1223",">hsa-miR-382-5p MIMAT0000737"
"1224",">hsa-miR-4770 MIMAT0019924"
"1225",">hsa-miR-8083 MIMAT0031010"
"1226",">hsa-miR-218-1-3p MIMAT0004565"
"1227",">hsa-miR-6877-3p MIMAT0027655"
"1228",">hsa-miR-3115 MIMAT0014977"
"1229",">hsa-miR-4746-5p MIMAT0019880"
"1230",">hsa-miR-5010-3p MIMAT0021044"
"1231",">hsa-miR-376a-5p MIMAT0003386"
"1232",">hsa-miR-188-5p MIMAT0000457"
"1233",">hsa-miR-7978 MIMAT0031181"
"1234",">hsa-miR-4507 MIMAT0019044"
"1235",">hsa-miR-495-3p MIMAT0002817"
"1236",">hsa-miR-4293 MIMAT0016848"
"1237",">hsa-miR-4516 MIMAT0019053"
"1238",">hsa-miR-4475 MIMAT0019002"
"1239",">hsa-miR-1910-3p MIMAT0026917"
"1240",">hsa-miR-4681 MIMAT0019766"
"1241",">hsa-miR-152-5p MIMAT0026479"
"1242",">hsa-miR-409-3p MIMAT0001639"
"1243",">hsa-miR-204-5p MIMAT0000265"
"1244",">hsa-miR-1249-3p MIMAT0005901"
"1245",">hsa-miR-4787-3p MIMAT0019957"
"1246",">hsa-miR-6071 MIMAT0023696"
"1247",">hsa-miR-3920 MIMAT0018195"
"1248",">hsa-miR-6879-5p MIMAT0027658"
"1249",">hsa-miR-548az-3p MIMAT0025457"
"1250",">hsa-miR-6878-3p MIMAT0027657"
"1251",">hsa-miR-183-5p MIMAT0000261"
"1252",">hsa-miR-544a MIMAT0003164"
"1253",">hsa-miR-135b-3p MIMAT0004698"
"1254",">hsa-miR-7973 MIMAT0031176"
"1255",">hsa-miR-548ai MIMAT0018989"
"1256",">hsa-miR-501-3p MIMAT0004774"
"1257",">hsa-miR-4695-5p MIMAT0019788"
"1258",">hsa-miR-1251-3p MIMAT0026741"
"1259",">hsa-miR-4692 MIMAT0019783"
"1260",">hsa-miR-103b MIMAT0007402"
"1261",">hsa-miR-548ao-5p MIMAT0021029"
"1262",">hsa-miR-3665 MIMAT0018087"
"1263",">hsa-miR-524-3p MIMAT0002850"
"1264",">hsa-miR-214-3p MIMAT0000271"
"1265",">hsa-miR-1197 MIMAT0005955"
"1266",">hsa-miR-6087 MIMAT0023712"
"1267",">hsa-miR-3141 MIMAT0015010"
"1268",">hsa-miR-6885-3p MIMAT0027671"
"1269",">hsa-miR-346 MIMAT0000773"
"1270",">hsa-miR-21-5p MIMAT0000076"
"1271",">hsa-miR-197-3p MIMAT0000227"
"1272",">hsa-miR-5582-3p MIMAT0022280"
"1273",">hsa-miR-4786-5p MIMAT0019954"
"1274",">hsa-miR-4485-5p MIMAT0032116"
"1275",">hsa-miR-205-3p MIMAT0009197"
"1276",">hsa-miR-513c-5p MIMAT0005789"
"1277",">hsa-miR-8066 MIMAT0030993"
"1278",">hsa-miR-145-5p MIMAT0000437"
"1279",">hsa-miR-5693 MIMAT0022486"
"1280",">hsa-miR-4801 MIMAT0019980"
"1281",">hsa-miR-4780 MIMAT0019939"
"1282",">hsa-miR-3935 MIMAT0018350"
"1283",">hsa-miR-602 MIMAT0003270"
"1284",">hsa-miR-2355-5p MIMAT0016895"
"1285",">hsa-miR-8065 MIMAT0030992"
"1286",">hsa-miR-4252 MIMAT0016886"
"1287",">hsa-miR-4768-3p MIMAT0019921"
"1288",">hsa-miR-552-5p MIMAT0026615"
"1289",">hsa-miR-668-5p MIMAT0026636"
"1290",">hsa-miR-5582-5p MIMAT0022279"
"1291",">hsa-miR-6124 MIMAT0024597"
"1292",">hsa-miR-4453 MIMAT0018975"
"1293",">hsa-miR-3689b-3p MIMAT0018181"
"1294",">hsa-miR-433-3p MIMAT0001627"
"1295",">hsa-miR-187-5p MIMAT0004561"
"1296",">hsa-miR-1293 MIMAT0005883"
"1297",">hsa-miR-613 MIMAT0003281"
"1298",">hsa-miR-6830-5p MIMAT0027560"
"1299",">hsa-miR-4749-3p MIMAT0019886"
"1300",">hsa-miR-1225-3p MIMAT0005573"
"1301",">hsa-miR-4643 MIMAT0019703"
"1302",">hsa-miR-6850-3p MIMAT0027601"
"1303",">hsa-miR-302d-3p MIMAT0000718"
"1304",">hsa-miR-210-3p MIMAT0000267"
"1305",">hsa-miR-6762-5p MIMAT0027424"
"1306",">hsa-miR-3177-3p MIMAT0015054"
"1307",">hsa-miR-4687-5p MIMAT0019774"
"1308",">hsa-miR-2682-5p MIMAT0013517"
"1309",">hsa-miR-520f-3p MIMAT0002830"
"1310",">hsa-miR-656-5p MIMAT0026627"
"1311",">hsa-miR-5197-3p MIMAT0021131"
"1312",">hsa-miR-487a-3p MIMAT0002178"
"1313",">hsa-miR-30d-5p MIMAT0000245"
"1314",">hsa-miR-548av-5p MIMAT0022303"
"1315",">hsa-miR-6827-3p MIMAT0027555"
"1316",">hsa-miR-518d-5p MIMAT0005456"
"1317",">hsa-miR-637 MIMAT0003307"
"1318",">hsa-miR-4740-5p MIMAT0019869"
"1319",">hsa-miR-7108-5p MIMAT0028113"
"1320",">hsa-miR-6887-5p MIMAT0027674"
"1321",">hsa-miR-520b MIMAT0002843"
"1322",">hsa-miR-3690 MIMAT0018119"
"1323",">hsa-miR-34b-5p MIMAT0000685"
"1324",">hsa-miR-6786-3p MIMAT0027473"
"1325",">hsa-miR-518a-3p MIMAT0002863"
"1326",">hsa-miR-645 MIMAT0003315"
"1327",">hsa-miR-3975 MIMAT0019360"
"1328",">hsa-miR-17-5p MIMAT0000070"
"1329",">hsa-miR-4524b-3p MIMAT0022256"
"1330",">hsa-miR-6895-3p MIMAT0027691"
"1331",">hsa-miR-6873-5p MIMAT0027646"
"1332",">hsa-miR-4674 MIMAT0019756"
"1333",">hsa-miR-3200-5p MIMAT0017392"
"1334",">hsa-miR-2909 MIMAT0013863"
"1335",">hsa-miR-4730 MIMAT0019852"
"1336",">hsa-miR-3681-5p MIMAT0018108"
"1337",">hsa-miR-6876-5p MIMAT0027652"
"1338",">hsa-miR-302b-3p MIMAT0000715"
"1339",">hsa-miR-92b-3p MIMAT0003218"
"1340",">hsa-miR-3140-5p MIMAT0019204"
"1341",">hsa-miR-3680-5p MIMAT0018106"
"1342",">hsa-miR-8069 MIMAT0030996"
"1343",">hsa-miR-6506-3p MIMAT0025469"
"1344",">hsa-miR-3187-3p MIMAT0015069"
"1345",">hsa-miR-758-5p MIMAT0022929"
"1346",">hsa-miR-5089-3p MIMAT0022984"
"1347",">hsa-miR-3977 MIMAT0019362"
"1348",">hsa-miR-5682 MIMAT0022470"
"1349",">hsa-miR-377-5p MIMAT0004689"
"1350",">hsa-miR-4695-3p MIMAT0019789"
"1351",">hsa-miR-562 MIMAT0003226"
"1352",">hsa-miR-4328 MIMAT0016926"
"1353",">hsa-miR-202-3p MIMAT0002811"
"1354",">hsa-miR-5196-3p MIMAT0021129"
"1355",">hsa-miR-4314 MIMAT0016868"
"1356",">hsa-miR-3681-3p MIMAT0018109"
"1357",">hsa-miR-2114-3p MIMAT0011157"
"1358",">hsa-miR-5692a MIMAT0022484"
"1359",">hsa-miR-615-5p MIMAT0004804"
"1360",">hsa-miR-3677-3p MIMAT0018101"
"1361",">hsa-miR-138-1-3p MIMAT0004607"
"1362",">hsa-miR-4641 MIMAT0019701"
"1363",">hsa-miR-370-5p MIMAT0026483"
"1364",">hsa-miR-4732-5p MIMAT0019855"
"1365",">hsa-miR-6760-3p MIMAT0027421"
"1366",">hsa-miR-7162-5p MIMAT0028234"
"1367",">hsa-miR-8060 MIMAT0030987"
"1368",">hsa-miR-1237-5p MIMAT0022946"
"1369",">hsa-miR-4421 MIMAT0018934"
"1370",">hsa-miR-3195 MIMAT0015079"
"1371",">hsa-miR-193a-5p MIMAT0004614"
"1372",">hsa-miR-4486 MIMAT0019020"
"1373",">hsa-miR-4534 MIMAT0019073"
"1374",">hsa-miR-2278 MIMAT0011778"
"1375",">hsa-miR-892c-5p MIMAT0025857"
"1376",">hsa-miR-1179 MIMAT0005824"
"1377",">hsa-miR-6834-3p MIMAT0027569"
"1378",">hsa-miR-380-5p MIMAT0000734"
"1379",">hsa-miR-6759-3p MIMAT0027419"
"1380",">hsa-miR-19b-1-5p MIMAT0004491"
"1381",">hsa-miR-500a-5p MIMAT0004773"
"1382",">hsa-miR-744-5p MIMAT0004945"
"1383",">hsa-miR-26a-2-3p MIMAT0004681"
"1384",">hsa-miR-3605-3p MIMAT0017982"
"1385",">hsa-miR-34a-3p MIMAT0004557"
"1386",">hsa-miR-4677-3p MIMAT0019761"
"1387",">hsa-miR-3653-5p MIMAT0032110"
"1388",">hsa-miR-758-3p MIMAT0003879"
"1389",">hsa-miR-3122 MIMAT0014984"
"1390",">hsa-miR-6732-5p MIMAT0027365"
"1391",">hsa-miR-4274 MIMAT0016906"
"1392",">hsa-miR-598-5p MIMAT0026620"
"1393",">hsa-miR-4465 MIMAT0018992"
"1394",">hsa-miR-548ar-3p MIMAT0022266"
"1395",">hsa-miR-4690-3p MIMAT0019780"
"1396",">hsa-miR-202-5p MIMAT0002810"
"1397",">hsa-miR-378d MIMAT0018926"
"1398",">hsa-miR-6765-5p MIMAT0027430"
"1399",">hsa-miR-6511a-5p MIMAT0025478"
"1400",">hsa-miR-1267 MIMAT0005921"
"1401",">hsa-miR-4668-5p MIMAT0019745"
"1402",">hsa-miR-6730-3p MIMAT0027362"
"1403",">hsa-miR-4671-5p MIMAT0019752"
"1404",">hsa-miR-920 MIMAT0004970"
"1405",">hsa-miR-6826-5p MIMAT0027552"
"1406",">hsa-miR-5092 MIMAT0021084"
"1407",">hsa-miR-135a-3p MIMAT0004595"
"1408",">hsa-miR-516a-3p MIMAT0006778"
"1409",">hsa-miR-548b-5p MIMAT0004798"
"1410",">hsa-miR-4513 MIMAT0019050"
"1411",">hsa-miR-518e-5p MIMAT0005450"
"1412",">hsa-miR-205-5p MIMAT0000266"
"1413",">hsa-miR-593-3p MIMAT0004802"
"1414",">hsa-miR-6836-5p MIMAT0027574"
"1415",">hsa-miR-6515-5p MIMAT0025486"
"1416",">hsa-miR-653-5p MIMAT0003328"
"1417",">hsa-miR-6503-5p MIMAT0025462"
"1418",">hsa-miR-6504-5p MIMAT0025464"
"1419",">hsa-miR-627-5p MIMAT0003296"
"1420",">hsa-miR-3618 MIMAT0017998"
"1421",">hsa-miR-5186 MIMAT0021116"
"1422",">hsa-miR-513a-3p MIMAT0004777"
"1423",">hsa-miR-210-5p MIMAT0026475"
"1424",">hsa-miR-5196-5p MIMAT0021128"
"1425",">hsa-miR-6078 MIMAT0023703"
"1426",">hsa-miR-4708-3p MIMAT0019810"
"1427",">hsa-miR-3173-5p MIMAT0019214"
"1428",">hsa-miR-4748 MIMAT0019884"
"1429",">hsa-miR-4302 MIMAT0016855"
"1430",">hsa-miR-4735-3p MIMAT0019861"
"1431",">hsa-miR-223-3p MIMAT0000280"
"1432",">hsa-miR-142-5p MIMAT0000433"
"1433",">hsa-miR-6803-3p MIMAT0027507"
"1434",">hsa-miR-6511a-3p MIMAT0025479"
"1435",">hsa-miR-507 MIMAT0002879"
"1436",">hsa-miR-5583-5p MIMAT0022281"
"1437",">hsa-miR-3171 MIMAT0015046"
"1438",">hsa-miR-3908 MIMAT0018182"
"1439",">hsa-miR-4761-5p MIMAT0019908"
"1440",">hsa-miR-8053 MIMAT0030980"
"1441",">hsa-miR-186-3p MIMAT0004612"
"1442",">hsa-miR-3689d MIMAT0019008"
"1443",">hsa-miR-6769b-3p MIMAT0027621"
"1444",">hsa-miR-7106-3p MIMAT0028110"
"1445",">hsa-miR-10a-3p MIMAT0004555"
"1446",">hsa-miR-6815-3p MIMAT0027531"
"1447",">hsa-miR-6088 MIMAT0023713"
"1448",">hsa-miR-1-3p MIMAT0000416"
"1449",">hsa-miR-200a-5p MIMAT0001620"
"1450",">hsa-miR-3202 MIMAT0015089"
"1451",">hsa-miR-6833-5p MIMAT0027566"
"1452",">hsa-miR-943 MIMAT0004986"
"1453",">hsa-miR-6883-5p MIMAT0027666"
"1454",">hsa-miR-6890-3p MIMAT0027681"
"1455",">hsa-let-7b-3p MIMAT0004482"
"1456",">hsa-miR-3149 MIMAT0015022"
"1457",">hsa-miR-6878-5p MIMAT0027656"
"1458",">hsa-miR-146b-3p MIMAT0004766"
"1459",">hsa-miR-4731-5p MIMAT0019853"
"1460",">hsa-let-7g-3p MIMAT0004584"
"1461",">hsa-miR-5590-5p MIMAT0022299"
"1462",">hsa-miR-551b-5p MIMAT0004794"
"1463",">hsa-miR-302a-5p MIMAT0000683"
"1464",">hsa-miR-769-5p MIMAT0003886"
"1465",">hsa-miR-3186-3p MIMAT0015068"
"1466",">hsa-miR-19a-3p MIMAT0000073"
"1467",">hsa-miR-381-5p MIMAT0022862"
"1468",">hsa-miR-6741-3p MIMAT0027384"
"1469",">hsa-miR-7155-5p MIMAT0028220"
"1470",">hsa-miR-6845-5p MIMAT0027590"
"1471",">hsa-miR-544b MIMAT0015004"
"1472",">hsa-miR-4505 MIMAT0019041"
"1473",">hsa-miR-8073 MIMAT0031000"
"1474",">hsa-miR-4633-3p MIMAT0019690"
"1475",">hsa-miR-4694-5p MIMAT0019786"
"1476",">hsa-miR-3677-5p MIMAT0019221"
"1477",">hsa-miR-7848-3p MIMAT0030423"
"1478",">hsa-miR-4491 MIMAT0019026"
"1479",">hsa-miR-668-3p MIMAT0003881"
"1480",">hsa-miR-938 MIMAT0004981"
"1481",">hsa-miR-3074-3p MIMAT0015027"
"1482",">hsa-miR-6716-3p MIMAT0025845"
"1483",">hsa-miR-342-3p MIMAT0000753"
"1484",">hsa-miR-584-5p MIMAT0003249"
"1485",">hsa-miR-5587-5p MIMAT0022289"
"1486",">hsa-miR-298 MIMAT0004901"
"1487",">hsa-miR-8055 MIMAT0030982"
"1488",">hsa-miR-3612 MIMAT0017989"
"1489",">hsa-miR-542-5p MIMAT0003340"
"1490",">hsa-miR-19b-3p MIMAT0000074"
"1491",">hsa-miR-1231 MIMAT0005586"
"1492",">hsa-miR-4255 MIMAT0016885"
"1493",">hsa-miR-675-5p MIMAT0004284"
"1494",">hsa-miR-199a-5p MIMAT0000231"
"1495",">hsa-miR-513b-5p MIMAT0005788"
"1496",">hsa-miR-4455 MIMAT0018977"
"1497",">hsa-miR-3682-3p MIMAT0018110"
"1498",">hsa-miR-9500 MIMAT0035542"
"1499",">hsa-miR-6828-5p MIMAT0027556"
"1500",">hsa-miR-6718-5p MIMAT0025849"
"1501",">hsa-miR-939-3p MIMAT0022939"
"1502",">hsa-miR-548ad-5p MIMAT0032114"
"1503",">hsa-miR-339-3p MIMAT0004702"
"1504",">hsa-miR-630 MIMAT0003299"
"1505",">hsa-miR-4739 MIMAT0019868"
"1506",">hsa-miR-1246 MIMAT0005898"
"1507",">hsa-miR-600 MIMAT0003268"
"1508",">hsa-miR-3135b MIMAT0018985"
"1509",">hsa-miR-129-1-3p MIMAT0004548"
"1510",">hsa-miR-4268 MIMAT0016896"
"1511",">hsa-miR-876-5p MIMAT0004924"
"1512",">hsa-miR-3145-5p MIMAT0019205"
"1513",">hsa-miR-582-5p MIMAT0003247"
"1514",">hsa-miR-1470 MIMAT0007348"
"1515",">hsa-miR-4419b MIMAT0019034"
"1516",">hsa-miR-4291 MIMAT0016922"
"1517",">hsa-miR-766-5p MIMAT0022714"
"1518",">hsa-miR-548ae-5p MIMAT0032115"
"1519",">hsa-miR-1271-3p MIMAT0022712"
"1520",">hsa-miR-200c-3p MIMAT0000617"
"1521",">hsa-miR-549a MIMAT0003333"
"1522",">hsa-miR-4721 MIMAT0019835"
"1523",">hsa-miR-6810-5p MIMAT0027520"
"1524",">hsa-miR-6853-5p MIMAT0027606"
"1525",">hsa-miR-4744 MIMAT0019875"
"1526",">hsa-miR-3670 MIMAT0018093"
"1527",">hsa-miR-3925-3p MIMAT0019228"
"1528",">hsa-miR-17-3p MIMAT0000071"
"1529",">hsa-miR-4652-3p MIMAT0019717"
"1530",">hsa-miR-5585-5p MIMAT0022285"
"1531",">hsa-miR-196b-3p MIMAT0009201"
"1532",">hsa-miR-196a-3p MIMAT0004562"
"1533",">hsa-miR-3200-3p MIMAT0015085"
"1534",">hsa-miR-320e MIMAT0015072"
"1535",">hsa-miR-4433a-5p MIMAT0020956"
"1536",">hsa-miR-4804-3p MIMAT0019985"
"1537",">hsa-miR-548ba MIMAT0031175"
"1538",">hsa-miR-3689a-3p MIMAT0018118"
"1539",">hsa-miR-548d-3p MIMAT0003323"
"1540",">hsa-miR-8080 MIMAT0031007"
"1541",">hsa-miR-1912 MIMAT0007887"
"1542",">hsa-miR-4316 MIMAT0016867"
"1543",">hsa-miR-548az-5p MIMAT0025456"
"1544",">hsa-miR-4690-5p MIMAT0019779"
"1545",">hsa-miR-4717-5p MIMAT0019829"
"1546",">hsa-miR-3678-3p MIMAT0018103"
"1547",">hsa-miR-3194-5p MIMAT0015078"
"1548",">hsa-miR-605-3p MIMAT0026621"
"1549",">hsa-miR-3591-3p MIMAT0019877"
"1550",">hsa-miR-4706 MIMAT0019806"
"1551",">hsa-miR-4725-3p MIMAT0019844"
"1552",">hsa-miR-4432 MIMAT0018948"
"1553",">hsa-miR-7849-3p MIMAT0030424"
"1554",">hsa-miR-503-3p MIMAT0022925"
"1555",">hsa-miR-6731-3p MIMAT0027364"
"1556",">hsa-miR-1307-3p MIMAT0005951"
"1557",">hsa-miR-6859-3p MIMAT0027619"
"1558",">hsa-miR-376a-3p MIMAT0000729"
"1559",">hsa-miR-5000-5p MIMAT0021019"
"1560",">hsa-miR-3065-5p MIMAT0015066"
"1561",">hsa-miR-6822-3p MIMAT0027545"
"1562",">hsa-miR-8086 MIMAT0031013"
"1563",">hsa-miR-125b-2-3p MIMAT0004603"
"1564",">hsa-miR-548am-5p MIMAT0022740"
"1565",">hsa-miR-323b-3p MIMAT0015050"
"1566",">hsa-miR-4489 MIMAT0019023"
"1567",">hsa-miR-6862-3p MIMAT0027626"
"1568",">hsa-miR-194-3p MIMAT0004671"
"1569",">hsa-miR-6772-5p MIMAT0027444"
"1570",">hsa-miR-223-5p MIMAT0004570"
"1571",">hsa-miR-569 MIMAT0003234"
"1572",">hsa-miR-4680-5p MIMAT0019764"
"1573",">hsa-miR-1914-3p MIMAT0007890"
"1574",">hsa-miR-4740-3p MIMAT0019870"
"1575",">hsa-miR-518b MIMAT0002844"
"1576",">hsa-miR-504-3p MIMAT0026612"
"1577",">hsa-miR-149-3p MIMAT0004609"
"1578",">hsa-miR-26b-5p MIMAT0000083"
"1579",">hsa-miR-4758-5p MIMAT0019903"
"1580",">hsa-miR-5708 MIMAT0022502"
"1581",">hsa-miR-573 MIMAT0003238"
"1582",">hsa-miR-670-3p MIMAT0026640"
"1583",">hsa-miR-1236-3p MIMAT0005591"
"1584",">hsa-miR-3912-5p MIMAT0027036"
"1585",">hsa-miR-3686 MIMAT0018114"
"1586",">hsa-miR-4783-5p MIMAT0019946"
"1587",">hsa-miR-660-3p MIMAT0022711"
"1588",">hsa-miR-3655 MIMAT0018075"
"1589",">hsa-miR-4720-3p MIMAT0019834"
"1590",">hsa-miR-1202 MIMAT0005865"
"1591",">hsa-miR-3160-5p MIMAT0019212"
"1592",">hsa-miR-765 MIMAT0003945"
"1593",">hsa-miR-628-3p MIMAT0003297"
"1594",">hsa-miR-3687 MIMAT0018115"
"1595",">hsa-miR-532-5p MIMAT0002888"
"1596",">hsa-miR-3131 MIMAT0014996"
"1597",">hsa-miR-296-5p MIMAT0000690"
"1598",">hsa-miR-378a-5p MIMAT0000731"
"1599",">hsa-miR-6769a-3p MIMAT0027439"
"1600",">hsa-miR-6802-5p MIMAT0027504"
"1601",">hsa-miR-1911-5p MIMAT0007885"
"1602",">hsa-miR-6128 MIMAT0024611"
"1603",">hsa-miR-20a-5p MIMAT0000075"
"1604",">hsa-miR-5586-5p MIMAT0022287"
"1605",">hsa-miR-4790-5p MIMAT0019961"
"1606",">hsa-miR-188-3p MIMAT0004613"
"1607",">hsa-miR-21-3p MIMAT0004494"
"1608",">hsa-miR-4654 MIMAT0019720"
"1609",">hsa-miR-6859-5p MIMAT0027618"
"1610",">hsa-miR-550b-2-5p MIMAT0022737"
"1611",">hsa-miR-6782-5p MIMAT0027464"
"1612",">hsa-miR-4527 MIMAT0019066"
"1613",">hsa-miR-2117 MIMAT0011162"
"1614",">hsa-miR-2355-3p MIMAT0017950"
"1615",">hsa-miR-148b-3p MIMAT0000759"
"1616",">hsa-miR-6864-3p MIMAT0027629"
"1617",">hsa-miR-590-3p MIMAT0004801"
"1618",">hsa-miR-100-5p MIMAT0000098"
"1619",">hsa-miR-548u MIMAT0015013"
"1620",">hsa-miR-5589-5p MIMAT0022297"
"1621",">hsa-miR-6837-3p MIMAT0027577"
"1622",">hsa-miR-6774-5p MIMAT0027448"
"1623",">hsa-miR-4263 MIMAT0016898"
"1624",">hsa-miR-8074 MIMAT0031001"
"1625",">hsa-miR-6808-3p MIMAT0027517"
"1626",">hsa-miR-4666a-5p MIMAT0019741"
"1627",">hsa-miR-6743-3p MIMAT0027388"
"1628",">hsa-miR-511-5p MIMAT0002808"
"1629",">hsa-miR-4632-5p MIMAT0022977"
"1630",">hsa-miR-301a-3p MIMAT0000688"
"1631",">hsa-miR-1200 MIMAT0005863"
"1632",">hsa-miR-3199 MIMAT0015084"
"1633",">hsa-miR-152-3p MIMAT0000438"
"1634",">hsa-miR-361-5p MIMAT0000703"
"1635",">hsa-miR-1199-3p MIMAT0031120"
"1636",">hsa-miR-6751-3p MIMAT0027403"
"1637",">hsa-miR-6757-3p MIMAT0027415"
"1638",">hsa-miR-6871-5p MIMAT0027642"
"1639",">hsa-miR-656-3p MIMAT0003332"
"1640",">hsa-miR-4728-5p MIMAT0019849"
"1641",">hsa-miR-23c MIMAT0018000"
"1642",">hsa-miR-4717-3p MIMAT0019830"
"1643",">hsa-miR-517c-3p MIMAT0002866"
"1644",">hsa-miR-520c-3p MIMAT0002846"
"1645",">hsa-miR-6854-5p MIMAT0027608"
"1646",">hsa-miR-6849-3p MIMAT0027599"
"1647",">hsa-miR-4310 MIMAT0016862"
"1648",">hsa-miR-5591-5p MIMAT0022301"
"1649",">hsa-miR-509-3p MIMAT0002881"
"1650",">hsa-miR-4277 MIMAT0016908"
"1651",">hsa-miR-4722-3p MIMAT0019837"
"1652",">hsa-miR-6729-5p MIMAT0027359"
"1653",">hsa-miR-4496 MIMAT0019031"
"1654",">hsa-miR-4764-3p MIMAT0019915"
"1655",">hsa-miR-4782-5p MIMAT0019944"
"1656",">hsa-miR-708-3p MIMAT0004927"
"1657",">hsa-miR-1323 MIMAT0005795"
"1658",">hsa-let-7i-5p MIMAT0000415"
"1659",">hsa-miR-384 MIMAT0001075"
"1660",">hsa-miR-4292 MIMAT0016919"
"1661",">hsa-miR-1273g-3p MIMAT0022742"
"1662",">hsa-miR-4699-3p MIMAT0019795"
"1663",">hsa-miR-500b-3p MIMAT0027032"
"1664",">hsa-miR-1252-5p MIMAT0005944"
"1665",">hsa-miR-4802-5p MIMAT0019981"
"1666",">hsa-miR-4509 MIMAT0019046"
"1667",">hsa-miR-6090 MIMAT0023715"
"1668",">hsa-miR-654-3p MIMAT0004814"
"1669",">hsa-miR-4679 MIMAT0019763"
"1670",">hsa-miR-429 MIMAT0001536"
"1671",">hsa-miR-584-3p MIMAT0022708"
"1672",">hsa-miR-508-3p MIMAT0002880"
"1673",">hsa-miR-4655-5p MIMAT0019721"
"1674",">hsa-miR-6808-5p MIMAT0027516"
"1675",">hsa-miR-4762-5p MIMAT0019910"
"1676",">hsa-miR-6837-5p MIMAT0027576"
"1677",">hsa-miR-200b-5p MIMAT0004571"
"1678",">hsa-miR-6801-3p MIMAT0027503"
"1679",">hsa-miR-548d-5p MIMAT0004812"
"1680",">hsa-miR-3157-3p MIMAT0019210"
"1681",">hsa-miR-324-5p MIMAT0000761"
"1682",">hsa-miR-26a-1-3p MIMAT0004499"
"1683",">hsa-miR-3713 MIMAT0018164"
"1684",">hsa-miR-4280 MIMAT0016911"
"1685",">hsa-miR-6743-5p MIMAT0027387"
"1686",">hsa-miR-6855-5p MIMAT0027610"
"1687",">hsa-miR-1294 MIMAT0005884"
"1688",">hsa-miR-5696 MIMAT0022489"
"1689",">hsa-miR-7158-5p MIMAT0028226"
"1690",">hsa-miR-548aa MIMAT0018447"
"1691",">hsa-miR-3157-5p MIMAT0015031"
"1692",">hsa-miR-154-3p MIMAT0000453"
"1693",">hsa-miR-122-3p MIMAT0004590"
"1694",">hsa-miR-1270 MIMAT0005924"
"1695",">hsa-miR-769-3p MIMAT0003887"
"1696",">hsa-miR-3168 MIMAT0015043"
"1697",">hsa-miR-143-3p MIMAT0000435"
"1698",">hsa-miR-6874-5p MIMAT0027648"
"1699",">hsa-miR-516b-3p MIMAT0002860"
"1700",">hsa-miR-10b-5p MIMAT0000254"
"1701",">hsa-miR-4677-5p MIMAT0019760"
"1702",">hsa-miR-7705 MIMAT0030020"
"1703",">hsa-miR-6847-3p MIMAT0027595"
"1704",">hsa-miR-6755-5p MIMAT0027410"
"1705",">hsa-miR-512-3p MIMAT0002823"
"1706",">hsa-miR-153-3p MIMAT0000439"
"1707",">hsa-miR-4454 MIMAT0018976"
"1708",">hsa-miR-8064 MIMAT0030991"
"1709",">hsa-miR-7110-3p MIMAT0028118"
"1710",">hsa-miR-423-3p MIMAT0001340"
"1711",">hsa-miR-331-5p MIMAT0004700"
"1712",">hsa-miR-190a-3p MIMAT0026482"
"1713",">hsa-miR-610 MIMAT0003278"
"1714",">hsa-miR-198 MIMAT0000228"
"1715",">hsa-miR-4536-5p MIMAT0019078"
"1716",">hsa-miR-4760-5p MIMAT0019906"
"1717",">hsa-miR-3924 MIMAT0018199"
"1718",">hsa-miR-5692b MIMAT0022497"
"1719",">hsa-miR-6742-5p MIMAT0027385"
"1720",">hsa-miR-612 MIMAT0003280"
"1721",">hsa-miR-935 MIMAT0004978"
"1722",">hsa-miR-8089 MIMAT0031016"
"1723",">hsa-miR-6774-3p MIMAT0027449"
"1724",">hsa-miR-4503 MIMAT0019039"
"1725",">hsa-miR-762 MIMAT0010313"
"1726",">hsa-miR-150-3p MIMAT0004610"
"1727",">hsa-miR-548aq-5p MIMAT0022263"
"1728",">hsa-miR-4999-3p MIMAT0021018"
"1729",">hsa-miR-3130-5p MIMAT0014995"
"1730",">hsa-miR-6883-3p MIMAT0027667"
"1731",">hsa-miR-497-3p MIMAT0004768"
"1732",">hsa-miR-3689c MIMAT0019007"
"1733",">hsa-miR-8082 MIMAT0031009"
"1734",">hsa-miR-548bb-3p MIMAT0035704"
"1735",">hsa-miR-6818-5p MIMAT0027536"
"1736",">hsa-miR-6506-5p MIMAT0025468"
"1737",">hsa-miR-4315 MIMAT0016866"
"1738",">hsa-miR-676-3p MIMAT0018204"
"1739",">hsa-miR-6508-3p MIMAT0025473"
"1740",">hsa-miR-3181 MIMAT0015061"
"1741",">hsa-miR-3927-3p MIMAT0018202"
"1742",">hsa-miR-5193 MIMAT0021124"
"1743",">hsa-miR-7843-5p MIMAT0030411"
"1744",">hsa-miR-6781-3p MIMAT0027463"
"1745",">hsa-miR-376b-3p MIMAT0002172"
"1746",">hsa-miR-4259 MIMAT0016880"
"1747",">hsa-miR-566 MIMAT0003230"
"1748",">hsa-miR-371a-5p MIMAT0004687"
"1749",">hsa-miR-548e-5p MIMAT0026736"
"1750",">hsa-miR-651-5p MIMAT0003321"
"1751",">hsa-miR-422a MIMAT0001339"
"1752",">hsa-miR-4642 MIMAT0019702"
"1753",">hsa-miR-4724-3p MIMAT0019842"
"1754",">hsa-miR-7160-3p MIMAT0028231"
"1755",">hsa-miR-6744-5p MIMAT0027389"
"1756",">hsa-miR-4524a-3p MIMAT0019063"
"1757",">hsa-miR-873-3p MIMAT0022717"
"1758",">hsa-miR-362-3p MIMAT0004683"
"1759",">hsa-miR-4758-3p MIMAT0019904"
"1760",">hsa-miR-1263 MIMAT0005915"
"1761",">hsa-miR-6512-3p MIMAT0025481"
"1762",">hsa-miR-6073 MIMAT0023698"
"1763",">hsa-miR-670-5p MIMAT0010357"
"1764",">hsa-miR-1257 MIMAT0005908"
"1765",">hsa-miR-3911 MIMAT0018185"
"1766",">hsa-miR-4429 MIMAT0018944"
"1767",">hsa-miR-4711-5p MIMAT0019816"
"1768",">hsa-miR-3646 MIMAT0018065"
"1769",">hsa-miR-6085 MIMAT0023710"
"1770",">hsa-miR-4459 MIMAT0018981"
"1771",">hsa-miR-4667-5p MIMAT0019743"
"1772",">hsa-miR-146b-5p MIMAT0002809"
"1773",">hsa-miR-6730-5p MIMAT0027361"
"1774",">hsa-miR-378a-3p MIMAT0000732"
"1775",">hsa-miR-3650 MIMAT0018070"
"1776",">hsa-miR-4798-3p MIMAT0019975"
"1777",">hsa-miR-4789-5p MIMAT0019959"
"1778",">hsa-miR-4686 MIMAT0019773"
"1779",">hsa-miR-133b MIMAT0000770"
"1780",">hsa-miR-548ah-3p MIMAT0020957"
"1781",">hsa-miR-3663-5p MIMAT0018084"
"1782",">hsa-miR-410-5p MIMAT0026558"
"1783",">hsa-miR-4728-3p MIMAT0019850"
"1784",">hsa-miR-15b-5p MIMAT0000417"
"1785",">hsa-miR-548q MIMAT0011163"
"1786",">hsa-miR-572 MIMAT0003237"
"1787",">hsa-miR-4659b-5p MIMAT0019733"
"1788",">hsa-miR-4664-3p MIMAT0019738"
"1789",">hsa-miR-4478 MIMAT0019006"
"1790",">hsa-miR-4485-3p MIMAT0019019"
"1791",">hsa-miR-3648 MIMAT0018068"
"1792",">hsa-miR-4307 MIMAT0016860"
"1793",">hsa-miR-6081 MIMAT0023706"
"1794",">hsa-miR-937-5p MIMAT0022938"
"1795",">hsa-miR-181d-3p MIMAT0026608"
"1796",">hsa-miR-128-3p MIMAT0000424"
"1797",">hsa-miR-6829-5p MIMAT0027558"
"1798",">hsa-miR-7856-5p MIMAT0030431"
"1799",">hsa-miR-4756-5p MIMAT0019899"
"1800",">hsa-miR-3175 MIMAT0015052"
"1801",">hsa-miR-3158-5p MIMAT0019211"
"1802",">hsa-miR-4632-3p MIMAT0019688"
"1803",">hsa-miR-1237-3p MIMAT0005592"
"1804",">hsa-miR-4517 MIMAT0019054"
"1805",">hsa-miR-155-3p MIMAT0004658"
"1806",">hsa-miR-3128 MIMAT0014991"
"1807",">hsa-miR-1268a MIMAT0005922"
"1808",">hsa-miR-4661-3p MIMAT0019730"
"1809",">hsa-miR-7152-3p MIMAT0028215"
"1810",">hsa-miR-6828-3p MIMAT0027557"
"1811",">hsa-miR-8056 MIMAT0030983"
"1812",">hsa-miR-4444 MIMAT0018962"
"1813",">hsa-miR-6838-5p MIMAT0027578"
"1814",">hsa-miR-6757-5p MIMAT0027414"
"1815",">hsa-miR-501-5p MIMAT0002872"
"1816",">hsa-miR-342-5p MIMAT0004694"
"1817",">hsa-miR-6758-5p MIMAT0027416"
"1818",">hsa-miR-1229-3p MIMAT0005584"
"1819",">hsa-miR-642a-3p MIMAT0020924"
"1820",">hsa-miR-1284 MIMAT0005941"
"1821",">hsa-miR-1229-5p MIMAT0022942"
"1822",">hsa-miR-3185 MIMAT0015065"
"1823",">hsa-miR-4270 MIMAT0016900"
"1824",">hsa-miR-556-5p MIMAT0003220"
"1825",">hsa-miR-4705 MIMAT0019805"
"1826",">hsa-miR-519a-5p MIMAT0005452"
"1827",">hsa-miR-5094 MIMAT0021086"
"1828",">hsa-miR-145-3p MIMAT0004601"
"1829",">hsa-miR-759 MIMAT0010497"
"1830",">hsa-miR-2116-5p MIMAT0011160"
"1831",">hsa-miR-4741 MIMAT0019871"
"1832",">hsa-miR-6789-5p MIMAT0027478"
"1833",">hsa-miR-548t-5p MIMAT0015009"
"1834",">hsa-miR-29c-3p MIMAT0000681"
"1835",">hsa-miR-483-5p MIMAT0004761"
"1836",">hsa-let-7f-5p MIMAT0000067"
"1837",">hsa-miR-1539 MIMAT0007401"
"1838",">hsa-miR-6842-5p MIMAT0027586"
"1839",">hsa-miR-4745-5p MIMAT0019878"
"1840",">hsa-miR-7111-5p MIMAT0028119"
"1841",">hsa-miR-3675-3p MIMAT0018099"
"1842",">hsa-let-7d-5p MIMAT0000065"
"1843",">hsa-miR-3607-5p MIMAT0017984"
"1844",">hsa-miR-30e-5p MIMAT0000692"
"1845",">hsa-miR-555 MIMAT0003219"
"1846",">hsa-miR-1271-5p MIMAT0005796"
"1847",">hsa-miR-18a-3p MIMAT0002891"
"1848",">hsa-miR-1255b-2-3p MIMAT0022725"
"1849",">hsa-miR-378b MIMAT0014999"
"1850",">hsa-miR-7161-5p MIMAT0028232"
"1851",">hsa-miR-3915 MIMAT0018189"
"1852",">hsa-miR-5007-3p MIMAT0021036"
"1853",">hsa-miR-4462 MIMAT0018986"
"1854",">hsa-miR-6820-3p MIMAT0027541"
"1855",">hsa-miR-369-5p MIMAT0001621"
"1856",">hsa-miR-4537 MIMAT0019080"
"1857",">hsa-miR-5704 MIMAT0022498"
"1858",">hsa-miR-4450 MIMAT0018971"
"1859",">hsa-miR-4321 MIMAT0016874"
"1860",">hsa-miR-4799-3p MIMAT0019977"
"1861",">hsa-miR-4745-3p MIMAT0019879"
"1862",">hsa-miR-4725-5p MIMAT0019843"
"1863",">hsa-miR-6862-5p MIMAT0027625"
"1864",">hsa-miR-654-5p MIMAT0003330"
"1865",">hsa-miR-99a-3p MIMAT0004511"
"1866",">hsa-miR-626 MIMAT0003295"
"1867",">hsa-miR-130b-5p MIMAT0004680"
"1868",">hsa-miR-487a-5p MIMAT0026559"
"1869",">hsa-miR-6799-3p MIMAT0027499"
"1870",">hsa-miR-3064-3p MIMAT0019865"
"1871",">hsa-miR-6726-3p MIMAT0027354"
"1872",">hsa-miR-548au-3p MIMAT0022292"
"1873",">hsa-miR-939-5p MIMAT0004982"
"1874",">hsa-miR-485-5p MIMAT0002175"
"1875",">hsa-miR-4251 MIMAT0016883"
"1876",">hsa-miR-7158-3p MIMAT0028227"
"1877",">hsa-miR-4506 MIMAT0019042"
"1878",">hsa-miR-6880-3p MIMAT0027661"
"1879",">hsa-miR-144-5p MIMAT0004600"
"1880",">hsa-miR-122-5p MIMAT0000421"
"1881",">hsa-miR-206 MIMAT0000462"
"1882",">hsa-miR-548f-5p MIMAT0026739"
"1883",">hsa-miR-136-5p MIMAT0000448"
"1884",">hsa-miR-4715-5p MIMAT0019824"
"1885",">hsa-miR-6810-3p MIMAT0027521"
"1886",">hsa-miR-8072 MIMAT0030999"
"1887",">hsa-miR-4295 MIMAT0016844"
"1888",">hsa-miR-5195-3p MIMAT0021127"
"1889",">hsa-miR-3689f MIMAT0019010"
"1890",">hsa-miR-1972 MIMAT0009447"
"1891",">hsa-miR-340-5p MIMAT0004692"
"1892",">hsa-miR-3120-5p MIMAT0019198"
"1893",">hsa-miR-485-3p MIMAT0002176"
"1894",">hsa-miR-632 MIMAT0003302"
"1895",">hsa-miR-25-3p MIMAT0000081"
"1896",">hsa-miR-4684-3p MIMAT0019770"
"1897",">hsa-miR-6728-5p MIMAT0027357"
"1898",">hsa-miR-4289 MIMAT0016920"
"1899",">hsa-miR-3688-3p MIMAT0018116"
"1900",">hsa-miR-6851-5p MIMAT0027602"
"1901",">hsa-miR-455-3p MIMAT0004784"
"1902",">hsa-miR-425-5p MIMAT0003393"
"1903",">hsa-miR-181c-5p MIMAT0000258"
"1904",">hsa-miR-6717-5p MIMAT0025846"
"1905",">hsa-miR-5685 MIMAT0022475"
"1906",">hsa-miR-3668 MIMAT0018091"
"1907",">hsa-miR-338-3p MIMAT0000763"
"1908",">hsa-miR-499b-5p MIMAT0019897"
"1909",">hsa-miR-211-5p MIMAT0000268"
"1910",">hsa-miR-153-5p MIMAT0026480"
"1911",">hsa-miR-4703-3p MIMAT0019802"
"1912",">hsa-miR-767-5p MIMAT0003882"
"1913",">hsa-miR-219a-5p MIMAT0000276"
"1914",">hsa-miR-219a-1-3p MIMAT0004567"
"1915",">hsa-miR-4436b-5p MIMAT0019940"
"1916",">hsa-miR-3121-5p MIMAT0019199"
"1917",">hsa-miR-5572 MIMAT0022260"
"1918",">hsa-miR-4523 MIMAT0019061"
"1919",">hsa-miR-140-3p MIMAT0004597"
"1920",">hsa-miR-3659 MIMAT0018080"
"1921",">hsa-miR-3679-3p MIMAT0018105"
"1922",">hsa-miR-4526 MIMAT0019065"
"1923",">hsa-miR-7850-5p MIMAT0030425"
"1924",">hsa-miR-6134 MIMAT0024618"
"1925",">hsa-miR-625-5p MIMAT0003294"
"1926",">hsa-miR-369-3p MIMAT0000721"
"1927",">hsa-miR-1287-3p MIMAT0026738"
"1928",">hsa-miR-132-3p MIMAT0000426"
"1929",">hsa-miR-6882-5p MIMAT0027664"
"1930",">hsa-miR-1537-5p MIMAT0026765"
"1931",">hsa-miR-5002-3p MIMAT0021024"
"1932",">hsa-miR-639 MIMAT0003309"
"1933",">hsa-miR-6756-5p MIMAT0027412"
"1934",">hsa-miR-1908-3p MIMAT0026916"
"1935",">hsa-miR-6811-3p MIMAT0027523"
"1936",">hsa-miR-6514-3p MIMAT0025485"
"1937",">hsa-miR-6738-3p MIMAT0027378"
"1938",">hsa-miR-548h-5p MIMAT0005928"
"1939",">hsa-miR-595 MIMAT0003263"
"1940",">hsa-miR-662 MIMAT0003325"
"1941",">hsa-miR-130a-3p MIMAT0000425"
"1942",">hsa-miR-4736 MIMAT0019862"
"1943",">hsa-miR-5088-3p MIMAT0027041"
"1944",">hsa-miR-5004-5p MIMAT0021027"
"1945",">hsa-miR-142-3p MIMAT0000434"
"1946",">hsa-miR-4474-5p MIMAT0019234"
"1947",">hsa-miR-520d-5p MIMAT0002855"
"1948",">hsa-miR-1205 MIMAT0005869"
"1949",">hsa-miR-1537-3p MIMAT0007399"
"1950",">hsa-miR-5187-5p MIMAT0021117"
"1951",">hsa-miR-4428 MIMAT0018943"
"1952",">hsa-miR-4646-3p MIMAT0019708"
"1953",">hsa-miR-3529-5p MIMAT0019828"
"1954",">hsa-miR-6809-3p MIMAT0027519"
"1955",">hsa-miR-1-5p MIMAT0031892"
"1956",">hsa-miR-27a-3p MIMAT0000084"
"1957",">hsa-miR-671-5p MIMAT0003880"
"1958",">hsa-miR-1285-5p MIMAT0022719"
"1959",">hsa-miR-5007-5p MIMAT0021035"
"1960",">hsa-miR-3919 MIMAT0018193"
"1961",">hsa-miR-8059 MIMAT0030986"
"1962",">hsa-miR-539-5p MIMAT0003163"
"1963",">hsa-miR-3124-3p MIMAT0019200"
"1964",">hsa-miR-33b-5p MIMAT0003301"
"1965",">hsa-miR-7108-3p MIMAT0028114"
"1966",">hsa-miR-3916 MIMAT0018190"
"1967",">hsa-miR-4275 MIMAT0016905"
"1968",">hsa-miR-6744-3p MIMAT0027390"
"1969",">hsa-miR-6756-3p MIMAT0027413"
"1970",">hsa-miR-3170 MIMAT0015045"
"1971",">hsa-miR-3649 MIMAT0018069"
"1972",">hsa-miR-4754 MIMAT0019894"
"1973",">hsa-miR-5586-3p MIMAT0022288"
"1974",">hsa-miR-490-5p MIMAT0004764"
"1975",">hsa-miR-34c-5p MIMAT0000686"
"1976",">hsa-miR-522-3p MIMAT0002868"
"1977",">hsa-miR-3689b-5p MIMAT0018180"
"1978",">hsa-miR-4306 MIMAT0016858"
"1979",">hsa-miR-4515 MIMAT0019052"
"1980",">hsa-miR-1254 MIMAT0005905"
"1981",">hsa-miR-373-3p MIMAT0000726"
"1982",">hsa-miR-365b-5p MIMAT0022833"
"1983",">hsa-miR-4802-3p MIMAT0019982"
"1984",">hsa-miR-548aj-3p MIMAT0018990"
"1985",">hsa-miR-6876-3p MIMAT0027653"
"1986",">hsa-miR-185-5p MIMAT0000455"
"1987",">hsa-miR-3127-5p MIMAT0014990"
"1988",">hsa-miR-6503-3p MIMAT0025463"
"1989",">hsa-miR-3180-5p MIMAT0015057"
"1990",">hsa-miR-5698 MIMAT0022491"
"1991",">hsa-miR-4477b MIMAT0019005"
"1992",">hsa-miR-888-5p MIMAT0004916"
"1993",">hsa-miR-548ah-5p MIMAT0018972"
"1994",">hsa-miR-7-2-3p MIMAT0004554"
"1995",">hsa-miR-4520-2-3p MIMAT0020300"
"1996",">hsa-miR-6077 MIMAT0023702"
"1997",">hsa-miR-3123 MIMAT0014985"
"1998",">hsa-miR-4693-5p MIMAT0019784"
"1999",">hsa-miR-6807-3p MIMAT0027515"
"2000",">hsa-miR-4283 MIMAT0016914"
"2001",">hsa-miR-922 MIMAT0004972"
"2002",">hsa-miR-6890-5p MIMAT0027680"
"2003",">hsa-miR-4284 MIMAT0016915"
"2004",">hsa-miR-4789-3p MIMAT0019960"
"2005",">hsa-miR-7702 MIMAT0030017"
"2006",">hsa-miR-513a-5p MIMAT0002877"
"2007",">hsa-miR-6787-5p MIMAT0027474"
"2008",">hsa-miR-3667-5p MIMAT0018089"
"2009",">hsa-miR-450a-5p MIMAT0001545"
"2010",">hsa-miR-3118 MIMAT0014980"
"2011",">hsa-miR-6076 MIMAT0023701"
"2012",">hsa-miR-1290 MIMAT0005880"
"2013",">hsa-miR-3163 MIMAT0015037"
"2014",">hsa-miR-7154-5p MIMAT0028218"
"2015",">hsa-miR-663a MIMAT0003326"
"2016",">hsa-miR-6824-5p MIMAT0027548"
"2017",">hsa-miR-9-5p MIMAT0000441"
"2018",">hsa-miR-548f-3p MIMAT0005895"
"2019",">hsa-miR-378c MIMAT0016847"
"2020",">hsa-miR-216a-3p MIMAT0022844"
"2021",">hsa-miR-6831-5p MIMAT0027562"
"2022",">hsa-miR-892c-3p MIMAT0025858"
"2023",">hsa-miR-125a-5p MIMAT0000443"
"2024",">hsa-miR-378e MIMAT0018927"
"2025",">hsa-miR-3617-5p MIMAT0017997"
"2026",">hsa-miR-3662 MIMAT0018083"
"2027",">hsa-miR-604 MIMAT0003272"
"2028",">hsa-miR-4278 MIMAT0016910"
"2029",">hsa-miR-3140-3p MIMAT0015008"
"2030",">hsa-miR-181b-2-3p MIMAT0031893"
"2031",">hsa-miR-4540 MIMAT0019083"
"2032",">hsa-miR-6130 MIMAT0024614"
"2033",">hsa-miR-3907 MIMAT0018179"
"2034",">hsa-miR-493-3p MIMAT0003161"
"2035",">hsa-miR-4456 MIMAT0018978"
"2036",">hsa-miR-5009-3p MIMAT0021042"
"2037",">hsa-miR-99a-5p MIMAT0000097"
"2038",">hsa-miR-196a-5p MIMAT0000226"
"2039",">hsa-miR-4743-5p MIMAT0019874"
"2040",">hsa-miR-4723-3p MIMAT0019839"
"2041",">hsa-miR-6763-5p MIMAT0027426"
"2042",">hsa-miR-6809-5p MIMAT0027518"
"2043",">hsa-miR-890 MIMAT0004912"
"2044",">hsa-miR-4667-3p MIMAT0019744"
"2045",">hsa-miR-1247-5p MIMAT0005899"
"2046",">hsa-miR-6512-5p MIMAT0025480"
"2047",">hsa-miR-3613-3p MIMAT0017991"
"2048",">hsa-miR-548a-5p MIMAT0004803"
"2049",">hsa-miR-1180-5p MIMAT0026735"
"2050",">hsa-miR-526b-3p MIMAT0002836"
"2051",">hsa-miR-4669 MIMAT0019749"
"2052",">hsa-miR-497-5p MIMAT0002820"
"2053",">hsa-miR-4426 MIMAT0018941"
"2054",">hsa-miR-3976 MIMAT0019361"
"2055",">hsa-miR-3196 MIMAT0015080"
"2056",">hsa-miR-1273g-5p MIMAT0020602"
"2057",">hsa-miR-6840-5p MIMAT0027582"
"2058",">hsa-miR-6889-5p MIMAT0027678"
"2059",">hsa-miR-642b-3p MIMAT0018444"
"2060",">hsa-miR-363-3p MIMAT0000707"
"2061",">hsa-miR-3620-3p MIMAT0018001"
"2062",">hsa-miR-4265 MIMAT0016891"
"2063",">hsa-miR-6869-5p MIMAT0027638"
"2064",">hsa-miR-3154 MIMAT0015028"
"2065",">hsa-miR-4685-5p MIMAT0019771"
"2066",">hsa-miR-6853-3p MIMAT0027607"
"2067",">hsa-miR-4520-3p MIMAT0019057"
"2068",">hsa-miR-3978 MIMAT0019363"
"2069",">hsa-miR-493-5p MIMAT0002813"
"2070",">hsa-miR-5683 MIMAT0022472"
"2071",">hsa-miR-629-5p MIMAT0004810"
"2072",">hsa-miR-4675 MIMAT0019757"
"2073",">hsa-miR-6776-3p MIMAT0027453"
"2074",">hsa-miR-4423-5p MIMAT0019232"
"2075",">hsa-miR-5009-5p MIMAT0021041"
"2076",">hsa-miR-6780b-3p MIMAT0027573"
"2077",">hsa-miR-655-3p MIMAT0003331"
"2078",">hsa-miR-181d-5p MIMAT0002821"
"2079",">hsa-miR-4443 MIMAT0018961"
"2080",">hsa-miR-4528 MIMAT0019067"
"2081",">hsa-miR-2116-3p MIMAT0011161"
"2082",">hsa-miR-6895-5p MIMAT0027690"
"2083",">hsa-miR-22-5p MIMAT0004495"
"2084",">hsa-miR-3190-3p MIMAT0022839"
"2085",">hsa-miR-548m MIMAT0005917"
"2086",">hsa-miR-18b-3p MIMAT0004751"
"2087",">hsa-miR-28-5p MIMAT0000085"
"2088",">hsa-miR-6070 MIMAT0023695"
"2089",">hsa-miR-323a-3p MIMAT0000755"
"2090",">hsa-miR-8068 MIMAT0030995"
"2091",">hsa-miR-3173-3p MIMAT0015048"
"2092",">hsa-miR-6861-5p MIMAT0027623"
"2093",">hsa-miR-6767-5p MIMAT0027434"
"2094",">hsa-miR-8061 MIMAT0030988"
"2095",">hsa-miR-519c-3p MIMAT0002832"
"2096",">hsa-miR-6785-3p MIMAT0027471"
"2097",">hsa-miR-129-5p MIMAT0000242"
"2098",">hsa-miR-1295b-3p MIMAT0022294"
"2099",">hsa-miR-4733-5p MIMAT0019857"
"2100",">hsa-miR-7159-3p MIMAT0028229"
"2101",">hsa-miR-3136-3p MIMAT0019203"
"2102",">hsa-miR-658 MIMAT0003336"
"2103",">hsa-miR-182-5p MIMAT0000259"
"2104",">hsa-miR-548ak MIMAT0019013"
"2105",">hsa-miR-5588-5p MIMAT0022295"
"2106",">hsa-miR-3143 MIMAT0015012"
"2107",">hsa-miR-504-5p MIMAT0002875"
"2108",">hsa-miR-411-3p MIMAT0004813"
"2109",">hsa-miR-4439 MIMAT0018957"
"2110",">hsa-miR-7111-3p MIMAT0028120"
"2111",">hsa-miR-6727-5p MIMAT0027355"
"2112",">hsa-miR-514a-3p MIMAT0002883"
"2113",">hsa-miR-4672 MIMAT0019754"
"2114",">hsa-miR-4714-3p MIMAT0019823"
"2115",">hsa-miR-4753-3p MIMAT0019891"
"2116",">hsa-miR-1825 MIMAT0006765"
"2117",">hsa-miR-3925-5p MIMAT0018200"
"2118",">hsa-miR-132-5p MIMAT0004594"
"2119",">hsa-miR-6509-5p MIMAT0025474"
"2120",">hsa-miR-4699-5p MIMAT0019794"
"2121",">hsa-miR-5787 MIMAT0023252"
"2122",">hsa-miR-1909-3p MIMAT0007883"
"2123",">hsa-miR-30c-5p MIMAT0000244"
"2124",">hsa-miR-455-5p MIMAT0003150"
"2125",">hsa-miR-4761-3p MIMAT0019909"
"2126",">hsa-miR-4760-3p MIMAT0019907"
"2127",">hsa-miR-5585-3p MIMAT0022286"
"2128",">hsa-miR-6893-3p MIMAT0027687"
"2129",">hsa-miR-6889-3p MIMAT0027679"
"2130",">hsa-miR-1911-3p MIMAT0007886"
"2131",">hsa-miR-195-3p MIMAT0004615"
"2132",">hsa-miR-1303 MIMAT0005891"
"2133",">hsa-miR-5589-3p MIMAT0022298"
"2134",">hsa-miR-4649-3p MIMAT0019712"
"2135",">hsa-miR-548aj-5p MIMAT0022739"
"2136",">hsa-miR-4747-3p MIMAT0019883"
"2137",">hsa-miR-7161-3p MIMAT0028233"
"2138",">hsa-miR-1295a MIMAT0005885"
"2139",">hsa-miR-376b-5p MIMAT0022923"
"2140",">hsa-miR-4637 MIMAT0019694"
"2141",">hsa-miR-6800-5p MIMAT0027500"
"2142",">hsa-miR-506-5p MIMAT0022701"
"2143",">hsa-miR-1182 MIMAT0005827"
"2144",">hsa-miR-653-3p MIMAT0026625"
"2145",">hsa-miR-6871-3p MIMAT0027643"
"2146",">hsa-miR-299-5p MIMAT0002890"
"2147",">hsa-miR-6803-5p MIMAT0027506"
"2148",">hsa-miR-548p MIMAT0005934"
"2149",">hsa-miR-4470 MIMAT0018997"
"2150",">hsa-miR-6788-5p MIMAT0027476"
"2151",">hsa-miR-1203 MIMAT0005866"
"2152",">hsa-miR-3137 MIMAT0015005"
"2153",">hsa-miR-615-3p MIMAT0003283"
"2154",">hsa-miR-1185-2-3p MIMAT0022713"
"2155",">hsa-miR-5691 MIMAT0022483"
"2156",">hsa-miR-6776-5p MIMAT0027452"
"2157",">hsa-miR-548ad-3p MIMAT0018946"
"2158",">hsa-miR-524-5p MIMAT0002849"
"2159",">hsa-miR-3685 MIMAT0018113"
"2160",">hsa-miR-7977 MIMAT0031180"
"2161",">hsa-miR-4787-5p MIMAT0019956"
"2162",">hsa-miR-519d-3p MIMAT0002853"
"2163",">hsa-miR-449c-3p MIMAT0013771"
"2164",">hsa-miR-5581-3p MIMAT0022276"
"2165",">hsa-miR-10b-3p MIMAT0004556"
"2166",">hsa-miR-454-5p MIMAT0003884"
"2167",">hsa-miR-548ay-3p MIMAT0025453"
"2168",">hsa-miR-5579-3p MIMAT0022270"
"2169",">hsa-miR-4451 MIMAT0018973"
"2170",">hsa-miR-5100 MIMAT0022259"
"2171",">hsa-miR-1273e MIMAT0018079"
"2172",">hsa-miR-337-3p MIMAT0000754"
"2173",">hsa-miR-92a-3p MIMAT0000092"
"2174",">hsa-miR-6852-5p MIMAT0027604"
"2175",">hsa-miR-4763-3p MIMAT0019913"
"2176",">hsa-miR-302f MIMAT0005932"
"2177",">hsa-miR-660-5p MIMAT0003338"
"2178",">hsa-miR-548i MIMAT0005935"
"2179",">hsa-miR-6089 MIMAT0023714"
"2180",">hsa-miR-520a-5p MIMAT0002833"
"2181",">hsa-miR-4533 MIMAT0019072"
"2182",">hsa-miR-7153-5p MIMAT0028216"
"2183",">hsa-miR-151a-3p MIMAT0000757"
"2184",">hsa-miR-3155b MIMAT0019012"
"2185",">hsa-miR-3941 MIMAT0018357"
"2186",">hsa-miR-200c-5p MIMAT0004657"
"2187",">hsa-miR-1178-5p MIMAT0022940"
"2188",">hsa-miR-26b-3p MIMAT0004500"
"2189",">hsa-miR-8077 MIMAT0031004"
"2190",">hsa-miR-1468-5p MIMAT0006789"
"2191",">hsa-miR-6715b-5p MIMAT0025842"
"2192",">hsa-miR-523-5p MIMAT0005449"
"2193",">hsa-miR-6794-3p MIMAT0027489"
"2194",">hsa-miR-4796-3p MIMAT0019971"
"2195",">hsa-miR-4262 MIMAT0016894"
"2196",">hsa-miR-582-3p MIMAT0004797"
"2197",">hsa-miR-4433a-3p MIMAT0018949"
"2198",">hsa-miR-106b-3p MIMAT0004672"
"2199",">hsa-miR-6854-3p MIMAT0027609"
"2200",">hsa-miR-5571-5p MIMAT0022257"
"2201",">hsa-miR-3148 MIMAT0015021"
"2202",">hsa-miR-433-5p MIMAT0026554"
"2203",">hsa-miR-1269b MIMAT0019059"
"2204",">hsa-miR-4762-3p MIMAT0019911"
"2205",">hsa-miR-942-5p MIMAT0004985"
"2206",">hsa-miR-4324 MIMAT0016876"
"2207",">hsa-miR-129-2-3p MIMAT0004605"
"2208",">hsa-miR-6739-3p MIMAT0027380"
"2209",">hsa-miR-3177-5p MIMAT0019215"
"2210",">hsa-miR-4492 MIMAT0019027"
"2211",">hsa-miR-4779 MIMAT0019938"
"2212",">hsa-miR-3126-3p MIMAT0015377"
"2213",">hsa-miR-6760-5p MIMAT0027420"
"2214",">hsa-miR-5001-3p MIMAT0021022"
"2215",">hsa-miR-3145-3p MIMAT0015016"
"2216",">hsa-miR-7109-3p MIMAT0028116"
"2217",">hsa-miR-4670-5p MIMAT0019750"
"2218",">hsa-miR-98-5p MIMAT0000096"
"2219",">hsa-miR-6827-5p MIMAT0027554"
"2220",">hsa-miR-29a-3p MIMAT0000086"
"2221",">hsa-miR-7113-3p MIMAT0028124"
"2222",">hsa-miR-362-5p MIMAT0000705"
"2223",">hsa-miR-1286 MIMAT0005877"
"2224",">hsa-miR-505-3p MIMAT0002876"
"2225",">hsa-miR-3675-5p MIMAT0018098"
"2226",">hsa-miR-7855-5p MIMAT0030430"
"2227",">hsa-miR-15a-5p MIMAT0000068"
"2228",">hsa-miR-548as-5p MIMAT0022267"
"2229",">hsa-miR-642b-5p MIMAT0022736"
"2230",">hsa-miR-619-3p MIMAT0003288"
"2231",">hsa-miR-550a-3-5p MIMAT0020925"
"2232",">hsa-miR-3622b-5p MIMAT0018005"
"2233",">hsa-miR-6777-5p MIMAT0027454"
"2234",">hsa-miR-302d-5p MIMAT0004685"
"2235",">hsa-miR-147a MIMAT0000251"
"2236",">hsa-miR-1273a MIMAT0005926"
"2237",">hsa-miR-432-5p MIMAT0002814"
"2238",">hsa-miR-204-3p MIMAT0022693"
"2239",">hsa-miR-3663-3p MIMAT0018085"
"2240",">hsa-miR-5093 MIMAT0021085"
"2241",">hsa-miR-1913 MIMAT0007888"
"2242",">hsa-miR-4529-5p MIMAT0019236"
"2243",">hsa-miR-4666b MIMAT0022485"
"2244",">hsa-miR-6886-5p MIMAT0027672"
"2245",">hsa-miR-4309 MIMAT0016859"
"2246",">hsa-miR-3184-5p MIMAT0015064"
"2247",">hsa-miR-4633-5p MIMAT0019689"
"2248",">hsa-miR-4290 MIMAT0016921"
"2249",">hsa-miR-345-3p MIMAT0022698"
"2250",">hsa-miR-3176 MIMAT0015053"
"2251",">hsa-miR-6824-3p MIMAT0027549"
"2252",">hsa-miR-502-5p MIMAT0002873"
"2253",">hsa-miR-7641 MIMAT0029782"
"2254",">hsa-miR-1180-3p MIMAT0005825"
"2255",">hsa-miR-4464 MIMAT0018988"
"2256",">hsa-miR-5187-3p MIMAT0021118"
"2257",">hsa-miR-3944-5p MIMAT0019231"
"2258",">hsa-miR-664a-3p MIMAT0005949"
"2259",">hsa-miR-548at-5p MIMAT0022277"
"2260",">hsa-miR-591 MIMAT0003259"
"2261",">hsa-miR-143-5p MIMAT0004599"
"2262",">hsa-miR-383-5p MIMAT0000738"
"2263",">hsa-miR-4753-5p MIMAT0019890"
"2264",">hsa-miR-6885-5p MIMAT0027670"
"2265",">hsa-miR-503-5p MIMAT0002874"
"2266",">hsa-miR-6875-5p MIMAT0027650"
"2267",">hsa-miR-1234-3p MIMAT0005589"
"2268",">hsa-miR-19a-5p MIMAT0004490"
"2269",">hsa-miR-6779-5p MIMAT0027458"
"2270",">hsa-miR-1233-3p MIMAT0005588"
"2271",">hsa-miR-6769b-5p MIMAT0027620"
"2272",">hsa-miR-133a-5p MIMAT0026478"
"2273",">hsa-miR-2861 MIMAT0013802"
"2274",">hsa-miR-6501-3p MIMAT0025459"
"2275",">hsa-miR-1260b MIMAT0015041"
"2276",">hsa-miR-4536-3p MIMAT0020959"
"2277",">hsa-miR-185-3p MIMAT0004611"
"2278",">hsa-miR-4529-3p MIMAT0019068"
"2279",">hsa-miR-1273d MIMAT0015090"
"2280",">hsa-miR-1243 MIMAT0005894"
"2281",">hsa-miR-4738-5p MIMAT0019866"
"2282",">hsa-miR-761 MIMAT0010364"
"2283",">hsa-miR-5190 MIMAT0021121"
"2284",">hsa-miR-6835-5p MIMAT0027570"
"2285",">hsa-miR-4712-3p MIMAT0019819"
"2286",">hsa-miR-6750-3p MIMAT0027401"
"2287",">hsa-miR-6778-3p MIMAT0027457"
"2288",">hsa-miR-4481 MIMAT0019015"
"2289",">hsa-miR-449b-5p MIMAT0003327"
"2290",">hsa-miR-4636 MIMAT0019693"
"2291",">hsa-miR-6719-3p MIMAT0025850"
"2292",">hsa-miR-4652-5p MIMAT0019716"
"2293",">hsa-miR-4318 MIMAT0016869"
"2294",">hsa-miR-7153-3p MIMAT0028217"
"2295",">hsa-miR-1262 MIMAT0005914"
"2296",">hsa-miR-4795-3p MIMAT0019969"
"2297",">hsa-miR-29c-5p MIMAT0004673"
"2298",">hsa-miR-374b-5p MIMAT0004955"
"2299",">hsa-miR-30c-1-3p MIMAT0004674"
"2300",">hsa-miR-616-3p MIMAT0004805"
"2301",">hsa-miR-548w MIMAT0015060"
"2302",">hsa-miR-561-5p MIMAT0022706"
"2303",">hsa-miR-4445-5p MIMAT0018963"
"2304",">hsa-miR-4786-3p MIMAT0019955"
"2305",">hsa-miR-23b-5p MIMAT0004587"
"2306",">hsa-miR-802 MIMAT0004185"
"2307",">hsa-miR-125b-5p MIMAT0000423"
"2308",">hsa-miR-596 MIMAT0003264"
"2309",">hsa-miR-6804-5p MIMAT0027508"
"2310",">hsa-miR-3651 MIMAT0018071"
"2311",">hsa-miR-545-5p MIMAT0004785"
"2312",">hsa-miR-371b-5p MIMAT0019892"
"2313",">hsa-miR-4773 MIMAT0019928"
"2314",">hsa-miR-4468 MIMAT0018995"
"2315",">hsa-miR-519d-5p MIMAT0026610"
"2316",">hsa-miR-4653-5p MIMAT0019718"
"2317",">hsa-miR-516b-5p MIMAT0002859"
"2318",">hsa-miR-302c-3p MIMAT0000717"
"2319",">hsa-miR-671-3p MIMAT0004819"
"2320",">hsa-miR-1261 MIMAT0005913"
"2321",">hsa-miR-545-3p MIMAT0003165"
"2322",">hsa-miR-184 MIMAT0000454"
"2323",">hsa-miR-7107-3p MIMAT0028112"
"2324",">hsa-miR-7151-3p MIMAT0028213"
"2325",">hsa-miR-93-3p MIMAT0004509"
"2326",">hsa-miR-128-2-5p MIMAT0031095"
"2327",">hsa-miR-135b-5p MIMAT0000758"
"2328",">hsa-miR-548j-3p MIMAT0026737"
"2329",">hsa-miR-195-5p MIMAT0000461"
"2330",">hsa-miR-651-3p MIMAT0026624"
"2331",">hsa-miR-125a-3p MIMAT0004602"
"2332",">hsa-miR-328-5p MIMAT0026486"
"2333",">hsa-miR-8057 MIMAT0030984"
"2334",">hsa-miR-6798-5p MIMAT0027496"
"2335",">hsa-let-7a-2-3p MIMAT0010195"
"2336",">hsa-miR-4258 MIMAT0016879"
"2337",">hsa-miR-6819-3p MIMAT0027539"
"2338",">hsa-miR-224-3p MIMAT0009198"
"2339",">hsa-miR-520d-3p MIMAT0002856"
"2340",">hsa-miR-6752-5p MIMAT0027404"
"2341",">hsa-miR-4447 MIMAT0018966"
"2342",">hsa-miR-450b-5p MIMAT0004909"
"2343",">hsa-miR-3182 MIMAT0015062"
"2344",">hsa-miR-4704-5p MIMAT0019803"
"2345",">hsa-miR-6894-5p MIMAT0027688"
"2346",">hsa-miR-6747-5p MIMAT0027394"
"2347",">hsa-miR-4271 MIMAT0016901"
"2348",">hsa-miR-4792 MIMAT0019964"
"2349",">hsa-miR-4683 MIMAT0019768"
"2350",">hsa-miR-4790-3p MIMAT0019962"
"2351",">hsa-miR-6737-5p MIMAT0027375"
"2352",">hsa-miR-6082 MIMAT0023707"
"2353",">hsa-miR-4691-3p MIMAT0019782"
"2354",">hsa-miR-1228-5p MIMAT0005582"
"2355",">hsa-miR-3654 MIMAT0018074"
"2356",">hsa-miR-7114-3p MIMAT0028126"
"2357",">hsa-miR-299-3p MIMAT0000687"
"2358",">hsa-miR-636 MIMAT0003306"
"2359",">hsa-miR-4254 MIMAT0016884"
"2360",">hsa-miR-578 MIMAT0003243"
"2361",">hsa-miR-3150b-5p MIMAT0019226"
"2362",">hsa-miR-6834-5p MIMAT0027568"
"2363",">hsa-miR-3174 MIMAT0015051"
"2364",">hsa-miR-6739-5p MIMAT0027379"
"2365",">hsa-miR-1206 MIMAT0005870"
"2366",">hsa-miR-934 MIMAT0004977"
"2367",">hsa-miR-6823-5p MIMAT0027546"
"2368",">hsa-miR-548am-3p MIMAT0019076"
"2369",">hsa-miR-3939 MIMAT0018355"
"2370",">hsa-miR-424-5p MIMAT0001341"
"2371",">hsa-miR-6868-5p MIMAT0027636"
"2372",">hsa-miR-6502-3p MIMAT0025461"
"2373",">hsa-miR-194-5p MIMAT0000460"
"2374",">hsa-miR-3667-3p MIMAT0018090"
"2375",">hsa-miR-1322 MIMAT0005953"
"2376",">hsa-miR-6842-3p MIMAT0027587"
"2377",">hsa-miR-5189-3p MIMAT0027088"
"2378",">hsa-miR-4742-3p MIMAT0019873"
"2379",">hsa-miR-4495 MIMAT0019030"
"2380",">hsa-miR-548bb-5p MIMAT0035703"
"2381",">hsa-miR-4518 MIMAT0019055"
"2382",">hsa-miR-609 MIMAT0003277"
"2383",">hsa-miR-548aw MIMAT0022471"
"2384",">hsa-miR-3609 MIMAT0017986"
"2385",">hsa-miR-3944-3p MIMAT0018360"
"2386",">hsa-miR-7110-5p MIMAT0028117"
"2387",">hsa-miR-7975 MIMAT0031178"
"2388",">hsa-miR-548a-3p MIMAT0003251"
"2389",">hsa-miR-6126 MIMAT0024599"
"2390",">hsa-miR-4440 MIMAT0018958"
"2391",">hsa-miR-1255a MIMAT0005906"
"2392",">hsa-miR-378h MIMAT0018984"
"2393",">hsa-miR-7976 MIMAT0031179"
"2394",">hsa-miR-1468-3p MIMAT0026638"
"2395",">hsa-miR-4719 MIMAT0019832"
"2396",">hsa-miR-4727-5p MIMAT0019847"
"2397",">hsa-miR-620 MIMAT0003289"
"2398",">hsa-miR-451b MIMAT0019840"
"2399",">hsa-miR-6832-3p MIMAT0027565"
"2400",">hsa-miR-4660 MIMAT0019728"
"2401",">hsa-miR-619-5p MIMAT0026622"
"2402",">hsa-miR-6838-3p MIMAT0027579"
"2403",">hsa-miR-6127 MIMAT0024610"
"2404",">hsa-miR-597-5p MIMAT0003265"
"2405",">hsa-miR-550a-3p MIMAT0003257"
"2406",">hsa-miR-3144-3p MIMAT0015015"
"2407",">hsa-let-7e-5p MIMAT0000066"
"2408",">hsa-miR-3127-3p MIMAT0019201"
"2409",">hsa-miR-4510 MIMAT0019047"
"2410",">hsa-miR-4301 MIMAT0016850"
"2411",">hsa-miR-4708-5p MIMAT0019809"
"2412",">hsa-miR-8088 MIMAT0031015"
"2413",">hsa-miR-1227-5p MIMAT0022941"
"2414",">hsa-miR-5189-5p MIMAT0021120"
"2415",">hsa-let-7f-1-3p MIMAT0004486"
"2416",">hsa-miR-8063 MIMAT0030990"
"2417",">hsa-miR-760 MIMAT0004957"
"2418",">hsa-miR-583 MIMAT0003248"
"2419",">hsa-let-7c-3p MIMAT0026472"
"2420",">hsa-miR-611 MIMAT0003279"
"2421",">hsa-miR-203b-3p MIMAT0019814"
"2422",">hsa-miR-1296-3p MIMAT0026637"
"2423",">hsa-miR-4724-5p MIMAT0019841"
"2424",">hsa-miR-4703-5p MIMAT0019801"
"2425",">hsa-miR-4700-3p MIMAT0019797"
"2426",">hsa-miR-4287 MIMAT0016917"
"2427",">hsa-miR-6843-3p MIMAT0027588"
"2428",">hsa-miR-3929 MIMAT0018206"
"2429",">hsa-miR-631 MIMAT0003300"
"2430",">hsa-miR-7846-3p MIMAT0030421"
"2431",">hsa-miR-3921 MIMAT0018196"
"2432",">hsa-miR-6737-3p MIMAT0027376"
"2433",">hsa-miR-125b-1-3p MIMAT0004592"
"2434",">hsa-miR-4774-5p MIMAT0019929"
"2435",">hsa-miR-4435 MIMAT0018951"
"2436",">hsa-miR-6798-3p MIMAT0027497"
"2437",">hsa-miR-4266 MIMAT0016892"
"2438",">hsa-miR-1910-5p MIMAT0007884"
"2439",">hsa-miR-4769-3p MIMAT0019923"
"2440",">hsa-miR-548ab MIMAT0018928"
"2441",">hsa-miR-181a-3p MIMAT0000270"
"2442",">hsa-miR-664a-5p MIMAT0005948"
"2443",">hsa-miR-466 MIMAT0015002"
"2444",">hsa-miR-4279 MIMAT0016909"
"2445",">hsa-miR-219b-3p MIMAT0019748"
"2446",">hsa-miR-4425 MIMAT0018940"
"2447",">hsa-miR-16-2-3p MIMAT0004518"
"2448",">hsa-miR-320a MIMAT0000510"
"2449",">hsa-miR-7843-3p MIMAT0030412"
"2450",">hsa-miR-1225-5p MIMAT0005572"
"2451",">hsa-miR-4288 MIMAT0016918"
"2452",">hsa-miR-181a-5p MIMAT0000256"
"2453",">hsa-miR-4662a-3p MIMAT0019732"
"2454",">hsa-miR-4766-3p MIMAT0019918"
"2455",">hsa-miR-1245b-3p MIMAT0019951"
"2456",">hsa-miR-6749-3p MIMAT0027399"
"2457",">hsa-miR-1827 MIMAT0006767"
"2458",">hsa-miR-5695 MIMAT0022488"
"2459",">hsa-miR-1299 MIMAT0005887"
"2460",">hsa-miR-374c-3p MIMAT0022735"
"2461",">hsa-miR-4701-3p MIMAT0019799"
"2462",">hsa-miR-7162-3p MIMAT0028235"
"2463",">hsa-miR-6131 MIMAT0024615"
"2464",">hsa-miR-6845-3p MIMAT0027591"
"2465",">hsa-miR-320b MIMAT0005792"
"2466",">hsa-miR-505-5p MIMAT0004776"
"2467",">hsa-miR-4729 MIMAT0019851"
"2468",">hsa-miR-6781-5p MIMAT0027462"
"2469",">hsa-miR-6822-5p MIMAT0027544"
"2470",">hsa-miR-192-5p MIMAT0000222"
"2471",">hsa-miR-3664-5p MIMAT0018086"
"2472",">hsa-miR-548l MIMAT0005889"
"2473",">hsa-miR-6830-3p MIMAT0027561"
"2474",">hsa-miR-1283 MIMAT0005799"
"2475",">hsa-miR-6729-3p MIMAT0027360"
"2476",">hsa-miR-5006-3p MIMAT0021034"
"2477",">hsa-miR-5689 MIMAT0022481"
"2478",">hsa-miR-130b-3p MIMAT0000691"
"2479",">hsa-miR-412-3p MIMAT0002170"
"2480",">hsa-miR-548z MIMAT0018446"
"2481",">hsa-let-7c-5p MIMAT0000064"
"2482",">hsa-miR-203a-3p MIMAT0000264"
"2483",">hsa-miR-377-3p MIMAT0000730"
"2484",">hsa-miR-6783-3p MIMAT0027467"
"2485",">hsa-miR-4319 MIMAT0016870"
"2486",">hsa-miR-6841-5p MIMAT0027584"
"2487",">hsa-miR-374c-5p MIMAT0018443"
"2488",">hsa-miR-199b-3p MIMAT0004563"
"2489",">hsa-miR-6165 MIMAT0024782"
"2490",">hsa-miR-454-3p MIMAT0003885"
"2491",">hsa-miR-4639-3p MIMAT0019698"
"2492",">hsa-miR-1278 MIMAT0005936"
"2493",">hsa-miR-6865-5p MIMAT0027630"
"2494",">hsa-miR-5699-3p MIMAT0022492"
"2495",">hsa-miR-6746-3p MIMAT0027393"
"2496",">hsa-miR-6720-3p MIMAT0025851"
"2497",">hsa-miR-874-5p MIMAT0026718"
"2498",">hsa-miR-6505-3p MIMAT0025467"
"2499",">hsa-miR-6849-5p MIMAT0027598"
"2500",">hsa-miR-1973 MIMAT0009448"
"2501",">hsa-miR-4473 MIMAT0019000"
"2502",">hsa-miR-6786-5p MIMAT0027472"
"2503",">hsa-miR-888-3p MIMAT0004917"
"2504",">hsa-miR-3129-3p MIMAT0019202"
"2505",">hsa-miR-6866-5p MIMAT0027632"
"2506",">hsa-miR-6888-5p MIMAT0027676"
"2507",">hsa-miR-107 MIMAT0000104"
"2508",">hsa-miR-5003-5p MIMAT0021025"
"2509",">hsa-miR-4804-5p MIMAT0019984"
"2510",">hsa-miR-300 MIMAT0004903"
"2511",">hsa-miR-6507-5p MIMAT0025470"
"2512",">hsa-miR-3678-5p MIMAT0018102"
"2513",">hsa-miR-6873-3p MIMAT0027647"
"2514",">hsa-miR-4733-3p MIMAT0019858"
"2515",">hsa-miR-3156-3p MIMAT0019209"
"2516",">hsa-miR-4775 MIMAT0019931"
"2517",">hsa-miR-4671-3p MIMAT0019753"
"2518",">hsa-miR-4658 MIMAT0019725"
"2519",">hsa-miR-7845-5p MIMAT0030420"
"2520",">hsa-miR-933 MIMAT0004976"
"2521",">hsa-miR-518c-3p MIMAT0002848"
"2522",">hsa-miR-3940-3p MIMAT0018356"
"2523",">hsa-miR-4666a-3p MIMAT0019742"
"2524",">hsa-miR-218-2-3p MIMAT0004566"
"2525",">hsa-miR-6742-3p MIMAT0027386"
"2526",">hsa-miR-513c-3p MIMAT0022728"
"2527",">hsa-miR-519b-5p MIMAT0005454"
"2528",">hsa-miR-212-5p MIMAT0022695"
"2529",">hsa-miR-6796-3p MIMAT0027493"
"2530",">hsa-miR-889-3p MIMAT0004921"
"2531",">hsa-miR-2054 MIMAT0009979"
"2532",">hsa-miR-6732-3p MIMAT0027366"
"2533",">hsa-miR-15a-3p MIMAT0004488"
"2534",">hsa-miR-6790-5p MIMAT0027480"
"2535",">hsa-miR-3614-3p MIMAT0017993"
"2536",">hsa-miR-574-5p MIMAT0004795"
"2537",">hsa-miR-33a-3p MIMAT0004506"
"2538",">hsa-miR-1909-5p MIMAT0007882"
"2539",">hsa-miR-548g-3p MIMAT0005912"
"2540",">hsa-miR-1226-5p MIMAT0005576"
"2541",">hsa-miR-4461 MIMAT0018983"
"2542",">hsa-miR-5580-3p MIMAT0022274"
"2543",">hsa-miR-4657 MIMAT0019724"
"2544",">hsa-miR-3610 MIMAT0017987"
"2545",">hsa-miR-4767 MIMAT0019919"
"2546",">hsa-miR-5095 MIMAT0020600"
"2547",">hsa-miR-296-3p MIMAT0004679"
"2548",">hsa-miR-655-5p MIMAT0026626"
"2549",">hsa-miR-7160-5p MIMAT0028230"
"2550",">hsa-miR-6720-5p MIMAT0027345"
"2551",">hsa-miR-4423-3p MIMAT0018936"
"2552",">hsa-miR-877-3p MIMAT0004950"
"2553",">hsa-miR-519c-5p MIMAT0002831"
"2554",">hsa-miR-6752-3p MIMAT0027405"
"2555",">hsa-miR-5008-3p MIMAT0021040"
"2556",">hsa-miR-27b-3p MIMAT0000419"
"2557",">hsa-miR-208b-3p MIMAT0004960"
"2558",">hsa-miR-487b-5p MIMAT0026614"
"2559",">hsa-miR-649 MIMAT0003319"
"2560",">hsa-miR-326 MIMAT0000756"
"2561",">hsa-miR-8085 MIMAT0031012"
"2562",">hsa-miR-24-2-5p MIMAT0004497"
"2563",">hsa-miR-1185-1-3p MIMAT0022838"
"2564",">hsa-miR-548g-5p MIMAT0022722"
"2565",">hsa-miR-6086 MIMAT0023711"
"2566",">hsa-miR-4800-5p MIMAT0019978"
"2567",">hsa-miR-6846-3p MIMAT0027593"
"2568",">hsa-miR-3529-3p MIMAT0022741"
"2569",">hsa-miR-4661-5p MIMAT0019729"
"2570",">hsa-miR-548as-3p MIMAT0022268"
"2571",">hsa-miR-6817-5p MIMAT0027534"
"2572",">hsa-miR-6500-5p MIMAT0025454"
"2573",">hsa-miR-6754-3p MIMAT0027409"
"2574",">hsa-miR-5591-3p MIMAT0022302"
"2575",">hsa-miR-16-5p MIMAT0000069"
"2576",">hsa-miR-3159 MIMAT0015033"
"2577",">hsa-miR-1302 MIMAT0005890"
"2578",">hsa-miR-558 MIMAT0003222"
"2579",">hsa-miR-514b-3p MIMAT0015088"
"2580",">hsa-miR-4723-5p MIMAT0019838"
"2581",">hsa-miR-4785 MIMAT0019949"
"2582",">hsa-miR-3671 MIMAT0018094"
"2583",">hsa-miR-7706 MIMAT0030021"
"2584",">hsa-miR-4502 MIMAT0019038"
"2585",">hsa-miR-4294 MIMAT0016849"
"2586",">hsa-miR-512-5p MIMAT0002822"
"2587",">hsa-miR-191-5p MIMAT0000440"
"2588",">hsa-miR-1976 MIMAT0009451"
