Mir,Cell-exo,reg,seq
hsa-miR-10a-3p,0.553661485,down,CAAAUUCGUAUCUAGGGGAAUA
hsa-miR-10b-5p,0.414765705,down,UACCCUGUAGAACCGAAUUUGUG
hsa-miR-125a-3p,-0.404794915,down,ACAGGUGAGGUUCUUGGGAGCC
hsa-miR-125b-2-3p,-0.347401375,down,UCACAAGUCAGGCUCUUGGGAC
hsa-miR-1307-3p,0.253391414,down,ACUCGGCGUGGCGUCGGUCGUG
hsa-miR-146a-5p,0.26012271,down,UGAGAACUGAAUUCCAUGGGUU
hsa-miR-147b,0.457763997,down,GUGUGCGGAAAUGCUUCUGCUA
hsa-miR-148a-3p,0.966860331,down,UCAGUGCACUACAGAACUUUGU
hsa-miR-148a-5p,-0.287745637,down,AAAGUUCUGAGACACUCCGACU
hsa-miR-148b-3p,0.509963281,down,UCAGUGCAUCACAGAACUUUGU
hsa-miR-151a-3p,0.525355605,down,CUAGACUGAAGCUCCUUGAGG
hsa-miR-16-2-3p,0.866477523,down,CCAAUAUUACUGUGCUGCUUUA
hsa-miR-17-5p,-0.566817972,down,CAAAGUGCUUACAGUGCAGGUAG
hsa-miR-186-5p,0.480883587,down,CAAAGAAUUCUCCUUUUGGGCU
hsa-miR-19a-3p,0.53005252,down,UGUGCAAAUCUAUGCAAAACUGA
hsa-miR-200a-3p,1.07887733,down,UAACACUGUCUGGUAACGAUGU
hsa-miR-20b-5p,0.821321808,down,CAAAGUGCUCAUAGUGCAGGUAG
hsa-miR-22-3p,0.627340664,down,AAGCUGCCAGUUGAAGAACUGU
hsa-miR-27a-3p,0.386261552,down,UUCACAGUGGCUAAGUUCCGC
hsa-miR-30a-5p,0.74530306,down,UGUAAACAUCCUCGACUGGAAG
hsa-miR-30e-5p,0.694429266,down,UGUAAACAUCCUUGACUGGAAG
hsa-miR-32-5p,0.44367207,down,UAUUGCACAUUACUAAGUUGCA
hsa-miR-340-5p,0.299507463,down,UUAUAAAGCAAUGAGACUGAUU
hsa-miR-3615,0.510943396,down,UCUCUCGGCUCCUCGCGGCUC
hsa-miR-363-3p,-0.100395137,down,AAUUGCACGGUAUCCAUCUGUA
hsa-miR-374a-3p,-0.115025193,down,CUUAUCAGAUUGUAUUGUAAUU
hsa-miR-421,0.370168689,down,AUCAACAGACAUUAAUUGGGCGC
hsa-miR-429,0.961217698,down,UUUUGCAAUAUGUUCCUGAAUA
hsa-miR-450b-5p,0.097481456,down,CUUCCGGUCUGUGAGCCCCGUC
hsa-miR-500a-3p,-0.079395872,down,AAUGCACCUGGGCAAGGAUUCA
hsa-miR-503-5p,-0.349764602,down,CAUGCCUUGAGUGUAGGACCGU
hsa-miR-542-3p,-0.027970545,down,CACGCUCAUGCACACACCCACA
hsa-miR-98-5p,0.484967561,down,UGAGGUAGUAAGUUGUAUUGUU
hsa-miR-99a-5p,0.387111878,down,AACCCGUAGAUCCGAUCUUGUG
hsa-miR-99b-3p,-0.037754114,down,CAAGCUCGUGUCUGUGGGUCCG
