All proteins identfied from the DRM fraction,,,,,
Accession Number,Protein Name,Mean Ratio (cavin1/GFP),Standard Deviations,Number of Observations,p-value
P31946,14-3-3 protein beta/alpha OS=Homo sapiens GN=YWHAB PE=1 SV=3,0.563851852,0.246513333,27,0.13292
P62258,14-3-3 protein epsilon OS=Homo sapiens GN=YWHAE PE=1 SV=1,0.543375,0.259520402,8,0.22012
P63104,14-3-3 protein zeta/delta OS=Homo sapiens GN=YWHAZ PE=1 SV=1,0.48876,0.222790312,25,0.02755
Q8N3E9,"1-phosphatidylinositol-4,5-bisphosphate phosphodiesterase delta-3 OS=Homo sapiens GN=PLCD3 PE=1 SV=3",0.974583333,0.131362412,12,0.99292
Q13200,26S proteasome non-ATPase regulatory subunit 2 OS=Homo sapiens GN=PSMD2 PE=1 SV=3,0.618,0.567099639,2,0.50566
Q92665,"28S ribosomal protein S31, mitochondrial OS=Homo sapiens GN=MRPS31 PE=1 SV=3",0.068,0.016462078,3,0.00224
Q02218,"2-oxoglutarate dehydrogenase, mitochondrial OS=Homo sapiens GN=OGDH PE=1 SV=3",0.0595,0.012020815,2,0.00189
P52815,"39S ribosomal protein L12, mitochondrial OS=Homo sapiens GN=MRPL12 PE=1 SV=2",0.2995,0.35682442,4,0.01704
Q13405,"39S ribosomal protein L49, mitochondrial OS=Homo sapiens GN=MRPL49 PE=1 SV=1",0.4125,0.109601551,2,0.16978
P46783,40S ribosomal protein S10 OS=Homo sapiens GN=RPS10 PE=1 SV=1,0.4715,0.053033009,2,0.25116
P62277,40S ribosomal protein S13 OS=Homo sapiens GN=RPS13 PE=1 SV=2,0.554777778,0.210244963,9,0.23901
P62249,40S ribosomal protein S16 OS=Homo sapiens GN=RPS16 PE=1 SV=2,0.677166667,0.218563873,6,0.64337
P15880,40S ribosomal protein S2 OS=Homo sapiens GN=RPS2 PE=1 SV=2,0.101333333,0.129831943,3,0.00284
P62701,"40S ribosomal protein S4, X isoform OS=Homo sapiens GN=RPS4X PE=1 SV=2",0.549666667,0.219329281,3,0.34813
P62081,40S ribosomal protein S7 OS=Homo sapiens GN=RPS7 PE=1 SV=1,0.542285714,0.230272223,14,0.14773
P08195,4F2 cell-surface antigen heavy chain OS=Homo sapiens GN=SLC3A2 PE=1 SV=3,0.1836,0.097881561,5,0.0041
P21589,5'-nucleotidase OS=Homo sapiens GN=NT5E PE=1 SV=1,0.39462963,0.280146685,27,0.01938
P10809,"60 kDa heat shock protein, mitochondrial OS=Homo sapiens GN=HSPD1 PE=1 SV=2",0.55883908,0.185933651,87,0.04239
P05388,60S acidic ribosomal protein P0 OS=Homo sapiens GN=RPLP0 PE=1 SV=1,0.4725,0.135976714,4,0.16231
P05386,60S acidic ribosomal protein P1 OS=Homo sapiens GN=RPLP1 PE=1 SV=1,0.567,0.204264534,5,0.33716
P05387,60S acidic ribosomal protein P2 OS=Homo sapiens GN=RPLP2 PE=1 SV=1,0.7508,0.369869166,5,0.80118
P62906,60S ribosomal protein L10a OS=Homo sapiens GN=RPL10A PE=1 SV=2,0.574,0.241830519,2,0.4244
P18621,60S ribosomal protein L17 OS=Homo sapiens GN=RPL17 PE=1 SV=3,0.635333333,0.189082874,3,0.53386
P46779,60S ribosomal protein L28 OS=Homo sapiens GN=RPL28 PE=1 SV=3,0.393,0.008485281,2,0.14854
P39023,60S ribosomal protein L3 OS=Homo sapiens GN=RPL3 PE=1 SV=2,0.312,0,2,0.07579
P62899,60S ribosomal protein L31 OS=Homo sapiens GN=RPL31 PE=1 SV=1,0.564,0.260215295,2,0.40724
P36578,60S ribosomal protein L4 OS=Homo sapiens GN=RPL4 PE=1 SV=5,0.432666667,0.19617934,3,0.1418
Q02878,60S ribosomal protein L6 OS=Homo sapiens GN=RPL6 PE=1 SV=3,0.592,0.1897472,3,0.43583
P18124,60S ribosomal protein L7 OS=Homo sapiens GN=RPL7 PE=1 SV=1,0.3825,0.129400541,2,0.13766
P11021,78 kDa glucose-regulated protein OS=Homo sapiens GN=HSPA5 PE=1 SV=2,0.533466667,0.21910691,15,0.1178
Q92667,"A kinase anchor protein 1, mitochondrial OS=Homo sapiens GN=AKAP1 PE=1 SV=1",0.804,0.381943713,3,0.84335
Q92485,Acid sphingomyelinase-like phosphodiesterase 3b OS=Homo sapiens GN=SMPDL3B PE=2 SV=2,0.6806,0.60637307,5,0.64429
P62736,"Actin, aortic smooth muscle OS=Homo sapiens GN=ACTA2 PE=1 SV=1",0.46387931,0.167727012,116,0.03896
P60709,"Actin, cytoplasmic 1 OS=Homo sapiens GN=ACTB PE=1 SV=1",0.481275,0.169553292,120,0.04465
Q9C0K3,Actin-related protein 11 OS=Homo sapiens GN=ARP11 PE=2 SV=1,0.456,0.306196016,3,0.17457
O14561,"Acyl carrier protein, mitochondrial OS=Homo sapiens GN=NDUFAB1 PE=1 SV=3",0.620266667,0.232679874,15,0.42852
O14734,Acyl-coenzyme A thioesterase 8 OS=Homo sapiens GN=ACOT8 PE=1 SV=1,0.213,0.079567581,3,0.00792
Q53H12,"Acylglycerol kinase, mitochondrial OS=Homo sapiens GN=AGK PE=1 SV=2",0.332,0.005656854,2,0.09202
P12235,ADP/ATP translocase 1 OS=Homo sapiens GN=SLC25A4 PE=1 SV=4,0.641813559,0.275086348,59,0.4585
P05141,ADP/ATP translocase 2 OS=Homo sapiens GN=SLC25A5 PE=1 SV=6,0.588697674,0.255928239,43,0.17302
P12236,ADP/ATP translocase 3 OS=Homo sapiens GN=SLC25A6 PE=1 SV=4,3.89125,5.211197647,4,0.00864
P47895,Aldehyde dehydrogenase family 1 member A3 OS=Homo sapiens GN=ALDH1A3 PE=1 SV=2,0.608,0.001414214,2,0.48916
P05187,"Alkaline phosphatase, placental type OS=Homo sapiens GN=ALPP PE=1 SV=2",0.092333333,0.013613719,3,0.00238
P12814,Alpha-actinin-1 OS=Homo sapiens GN=ACTN1 PE=1 SV=2,0.617411765,0.85603213,17,0.40486
P61163,Alpha-centractin OS=Homo sapiens GN=ACTR1A PE=1 SV=1,0.544,0.21298122,3,0.33448
P15144,Aminopeptidase N OS=Homo sapiens GN=ANPEP PE=1 SV=4,0.4766,0.142488611,140,0.04313
P04083,Annexin A1 OS=Homo sapiens GN=ANXA1 PE=1 SV=2,1.114,0.002828427,2,0.91516
P50995,Annexin A11 OS=Homo sapiens GN=ANXA11 PE=1 SV=1,0.551870588,0.151162857,85,0.04008
P07355,Annexin A2 OS=Homo sapiens GN=ANXA2 PE=1 SV=2,0.930783981,0.265116849,412,0.98114
P09525,Annexin A4 OS=Homo sapiens GN=ANXA4 PE=1 SV=4,0.488121212,0.147760524,33,0.02536
P08758,Annexin A5 OS=Homo sapiens GN=ANXA5 PE=1 SV=2,0.696966667,0.141176553,90,0.76784
P08133,Annexin A6 OS=Homo sapiens GN=ANXA6 PE=1 SV=3,0.880510769,0.129722701,325,0.96539
P20073,Annexin A7 OS=Homo sapiens GN=ANXA7 PE=1 SV=3,0.730189189,0.202722284,37,0.84855
Q10567,AP-1 complex subunit beta-1 OS=Homo sapiens GN=AP1B1 PE=1 SV=2,0.66075,0.238650896,4,0.59195
P63010,AP-2 complex subunit beta OS=Homo sapiens GN=AP2B1 PE=1 SV=1,0.878,0.433394739,3,0.92391
P53680,AP-2 complex subunit sigma OS=Homo sapiens GN=AP2S1 PE=1 SV=2,1.41525,1.395035812,4,0.69747
P02647,Apolipoprotein A-I OS=Homo sapiens GN=APOA1 PE=1 SV=1,0.2315,0.055861436,2,0.02664
Q6UXV4,Apolipoprotein O-like OS=Homo sapiens GN=APOOL PE=1 SV=1,0.4422,0.358585694,5,0.09059
P25705,"ATP synthase subunit alpha, mitochondrial OS=Homo sapiens GN=ATP5A1 PE=1 SV=1",0.18725,0.185602622,16,0.00803
P06576,"ATP synthase subunit beta, mitochondrial OS=Homo sapiens GN=ATP5B PE=1 SV=3",0.232755556,0.221082271,45,0.01808
O75947,"ATP synthase subunit d, mitochondrial OS=Homo sapiens GN=ATP5H PE=1 SV=3",0.182666667,0.133542003,6,0.00496
Q8NBU5,ATPase family AAA domain-containing protein 1 OS=Homo sapiens GN=ATAD1 PE=1 SV=1,0.148833333,0.18807596,6,0.00506
Q9NVI7,ATPase family AAA domain-containing protein 3A OS=Homo sapiens GN=ATAD3A PE=1 SV=2,0.419740741,0.222392496,54,0.02188
Q5T9A4,ATPase family AAA domain-containing protein 3B OS=Homo sapiens GN=ATAD3B PE=1 SV=1,0.623666667,0.385592185,3,0.50992
P28288,ATP-binding cassette sub-family D member 3 OS=Homo sapiens GN=ABCD3 PE=1 SV=1,0.581031746,0.254319647,63,0.09986
P35613,Basigin OS=Homo sapiens GN=BSG PE=1 SV=2,0.612692308,0.183924065,26,0.3434
Q9BYX7,Beta-actin-like protein 3 OS=Homo sapiens GN=ACTBL3 PE=1 SV=1,0.525230769,0.163492688,13,0.1154
P80723,Brain acid soluble protein 1 OS=Homo sapiens GN=BASP1 PE=1 SV=2,0.538083333,0.142025595,48,0.04019
O75844,CAAX prenyl protease 1 homolog OS=Homo sapiens GN=ZMPSTE24 PE=1 SV=2,0.765,0.159756064,6,0.83639
P12830,Cadherin-1 OS=Homo sapiens GN=CDH1 PE=1 SV=3,0.0695,0.029011492,4,0.00246
Q9UJS0,Calcium-binding mitochondrial carrier protein Aralar2 OS=Homo sapiens GN=SLC25A13 PE=1 SV=2,0.294428571,0.206236803,7,0.00721
Q6NUK1,Calcium-binding mitochondrial carrier protein SCaMC-1 OS=Homo sapiens GN=SLC25A24 PE=1 SV=2,0.446375,0.241063085,8,0.05086
P27824,Calnexin OS=Homo sapiens GN=CANX PE=1 SV=2,0.553375,0.093920844,8,0.25071
P27797,Calreticulin OS=Homo sapiens GN=CALR PE=1 SV=1,0.2625,0.009192388,2,0.04319
Q86VU5,Catechol O-methyltransferase domain-containing protein 1 OS=Homo sapiens GN=COMTD1 PE=1 SV=1,0.3045,0.249968598,6,0.00967
P35222,Catenin beta-1 OS=Homo sapiens GN=CTNNB1 PE=1 SV=1,0.3664375,0.206518109,16,0.0129
O60716,Catenin delta-1 OS=Homo sapiens GN=CTNND1 PE=1 SV=1,0.306307692,0.167280396,13,0.01085
Q03135,Caveolin-1 OS=Homo sapiens GN=CAV1 PE=1 SV=4,1.993043478,0.410101482,23,0.03772
Q6YHK3,CD109 antigen OS=Homo sapiens GN=CD109 PE=1 SV=2,0.764192308,0.182335958,26,0.89528
P16070,CD44 antigen OS=Homo sapiens GN=CD44 PE=1 SV=2,1.323666667,0.086558266,3,0.77145
P43121,Cell surface glycoprotein MUC18 OS=Homo sapiens GN=MCAM PE=1 SV=2,0.2055,0.113844192,2,0.0185
Q00610,Clathrin heavy chain 1 OS=Homo sapiens GN=CLTC PE=1 SV=5,0.763275862,0.46573853,58,0.91153
P23528,Cofilin-1 OS=Homo sapiens GN=CFL1 PE=1 SV=3,0.442333333,0.159857228,3,0.1545
Q96A33,Coiled-coil domain-containing protein 47 OS=Homo sapiens GN=CCDC47 PE=1 SV=1,0.615,0.223445743,2,0.50432
Q9NX63,"Coiled-coil-helix-coiled-coil-helix domain-containing protein 3, mitochondrial OS=Homo sapiens GN=CHCHD3 PE=1 SV=1",0.464791667,0.259941796,24,0.0224
Q07021,"Complement component 1 Q subcomponent-binding protein, mitochondrial OS=Homo sapiens GN=C1QBP PE=1 SV=1",0.3545,0.1251579,2,0.11379
P08174,Complement decay-accelerating factor OS=Homo sapiens GN=CD55 PE=1 SV=4,0.357,0.252489604,3,0.06436
Q96FN4,Copine-2 OS=Homo sapiens GN=CPNE2 PE=1 SV=3,0.534166667,0.147939276,18,0.09992
O75131,Copine-3 OS=Homo sapiens GN=CPNE3 PE=1 SV=1,0.530166667,0.150235411,42,0.04032
Q8ND76,Cyclin-Y OS=Homo sapiens GN=CCNY PE=1 SV=2,0.6409375,0.155833017,16,0.51545
P31930,"Cytochrome b-c1 complex subunit 1, mitochondrial OS=Homo sapiens GN=UQCRC1 PE=1 SV=3",0.634033333,0.315381377,30,0.44906
P22695,"Cytochrome b-c1 complex subunit 2, mitochondrial OS=Homo sapiens GN=UQCRC2 PE=1 SV=3",0.581543478,0.293831222,46,0.13567
P14927,Cytochrome b-c1 complex subunit 7 OS=Homo sapiens GN=UQCRB PE=1 SV=2,0.694733333,0.268736054,15,0.72307
Q9UDW1,Cytochrome b-c1 complex subunit 9 OS=Homo sapiens GN=UQCR10 PE=1 SV=3,0.569,0.343707725,5,0.34499
P47985,"Cytochrome b-c1 complex subunit Rieske, mitochondrial OS=Homo sapiens GN=UQCRFS1 PE=1 SV=2",0.536714286,0.302309838,7,0.22438
P00403,Cytochrome c oxidase subunit 2 OS=Homo sapiens GN=MT-CO2 PE=1 SV=1,0.480685714,0.243247607,35,0.02615
P13073,"Cytochrome c oxidase subunit 4 isoform 1, mitochondrial OS=Homo sapiens GN=COX4I1 PE=1 SV=1",0.552473684,0.257217454,19,0.13779
P20674,"Cytochrome c oxidase subunit 5A, mitochondrial OS=Homo sapiens GN=COX5A PE=1 SV=2",0.427,0.233932148,25,0.01812
P10606,"Cytochrome c oxidase subunit 5B, mitochondrial OS=Homo sapiens GN=COX5B PE=1 SV=2",0.479166667,0.228175535,30,0.02367
P09669,Cytochrome c oxidase subunit 6C OS=Homo sapiens GN=COX6C PE=1 SV=2,0.3206,0.288207044,5,0.01485
P14406,"Cytochrome c oxidase subunit 7A2, mitochondrial OS=Homo sapiens GN=COX7A2 PE=1 SV=1",0.622,0.390096783,17,0.42439
P15954,"Cytochrome c oxidase subunit 7C, mitochondrial OS=Homo sapiens GN=COX7C PE=1 SV=1",0.579,0.319531689,5,0.36889
P08574,"Cytochrome c1, heme protein, mitochondrial OS=Homo sapiens GN=CYC1 PE=1 SV=2",0.559052632,0.304497304,19,0.15891
Q07065,Cytoskeleton-associated protein 4 OS=Homo sapiens GN=CKAP4 PE=1 SV=2,0.816382353,1.685908244,34,0.94678
Q5M775,Cytospin-B OS=Homo sapiens GN=CYTSB PE=1 SV=1,0.376333333,0.224183704,3,0.07819
O43175,D-3-phosphoglycerate dehydrogenase OS=Homo sapiens GN=PHGDH PE=1 SV=4,0.4838,0.037778301,5,0.15275
P17661,Desmin OS=Homo sapiens GN=DES PE=1 SV=3,1.521222222,1.211594691,9,0.58876
Q14126,Desmoglein-2 OS=Homo sapiens GN=DSG2 PE=1 SV=2,0.72025,0.083715291,4,0.72616
P15924,Desmoplakin OS=Homo sapiens GN=DSP PE=1 SV=3,1.0955,0.519471141,16,0.9783
P10515,"Dihydrolipoyllysine-residue acetyltransferase component of pyruvate dehydrogenase complex, mitochondrial OS=Homo sapiens GN=DLAT PE=1 SV=3",0.353933333,0.370143306,15,0.01275
P16989,DNA-binding protein A OS=Homo sapiens GN=CSDA PE=1 SV=4,0.366,0.022627417,2,0.12258
Q9NVH1,DnaJ homolog subfamily C member 11 OS=Homo sapiens GN=DNAJC11 PE=1 SV=2,0.296038462,0.221754365,26,0.01316
P39656,Dolichyl-diphosphooligosaccharide--protein glycosyltransferase 48 kDa subunit OS=Homo sapiens GN=DDOST PE=1 SV=4,0.4735,0.048790368,2,0.25132
P04843,Dolichyl-diphosphooligosaccharide--protein glycosyltransferase subunit 1 OS=Homo sapiens GN=RPN1 PE=1 SV=1,0.368333333,0.34000049,3,0.07548
P04844,Dolichyl-diphosphooligosaccharide--protein glycosyltransferase subunit 2 OS=Homo sapiens GN=RPN2 PE=1 SV=3,0.5085,0.19858181,18,0.05684
Q16643,Drebrin OS=Homo sapiens GN=DBN1 PE=1 SV=4,0.928333333,0.434923365,3,0.95992
O75923,Dysferlin OS=Homo sapiens GN=DYSF PE=1 SV=1,0.335769231,0.150228245,13,0.01101
P68104,Elongation factor 1-alpha 1 OS=Homo sapiens GN=EEF1A1 PE=1 SV=1,0.632458333,0.324147709,24,0.45577
P26641,Elongation factor 1-gamma OS=Homo sapiens GN=EEF1G PE=1 SV=3,0.579,0.32745534,3,0.40945
P13639,Elongation factor 2 OS=Homo sapiens GN=EEF2 PE=1 SV=4,0.458,0.014,3,0.17783
O94919,Endonuclease domain-containing 1 protein OS=Homo sapiens GN=ENDOD1 PE=1 SV=2,0.789333333,0.142387968,3,0.82352
P14625,Endoplasmin OS=Homo sapiens GN=HSP90B1 PE=1 SV=1,0.5775,0.014849242,2,0.43628
P29317,Ephrin type-A receptor 2 OS=Homo sapiens GN=EPHA2 PE=1 SV=2,0.271642857,0.132457603,14,0.00987
P58107,Epiplakin OS=Homo sapiens GN=EPPK1 PE=1 SV=1,0.513636364,0.252521166,55,0.02874
P16422,Epithelial cell adhesion molecule OS=Homo sapiens GN=EPCAM PE=1 SV=2,0.398,0.117271764,4,0.06973
O75477,Erlin-1 OS=Homo sapiens GN=ERLIN1 PE=1 SV=1,0.723636364,0.207390585,11,0.78852
O94905,Erlin-2 OS=Homo sapiens GN=ERLIN2 PE=1 SV=1,0.822148148,0.412570013,54,0.95227
O14980,Exportin-1 OS=Homo sapiens GN=XPO1 PE=1 SV=1,0.44325,0.247469022,4,0.1167
P55060,Exportin-2 OS=Homo sapiens GN=CSE1L PE=1 SV=3,0.739347826,0.114881603,23,0.84993
P15311,Ezrin OS=Homo sapiens GN=EZR PE=1 SV=4,0.4755,0.294863528,2,0.25552
Q96CS3,FAS-associated factor 2 OS=Homo sapiens GN=FAF2 PE=1 SV=2,0.470888889,0.137421291,9,0.06709
Q96K12,Fatty acyl-CoA reductase 2 OS=Homo sapiens GN=FAR2 PE=2 SV=1,0.77075,0.260673966,4,0.81768
P21333,Filamin-A OS=Homo sapiens GN=FLNA PE=1 SV=4,0.464866667,0.231315451,15,0.03032
O75369,Filamin-B OS=Homo sapiens GN=FLNB PE=1 SV=1,0.351,0.17591825,14,0.01103
O75955,Flotillin-1 OS=Homo sapiens GN=FLOT1 PE=1 SV=3,0.675352113,0.220499504,71,0.66514
Q14254,Flotillin-2 OS=Homo sapiens GN=FLOT2 PE=1 SV=2,0.986986842,1.498022657,76,0.99806
P09382,Galectin-1 OS=Homo sapiens GN=LGALS1 PE=1 SV=2,1.891043478,0.963836155,23,0.0687
P14136,Glial fibrillary acidic protein OS=Homo sapiens GN=GFAP PE=1 SV=1,0.6467,0.275004846,30,0.52078
P04406,Glyceraldehyde-3-phosphate dehydrogenase OS=Homo sapiens GN=GAPDH PE=1 SV=3,0.9,0.031968735,4,0.95475
O75487,Glypican-4 OS=Homo sapiens GN=GPC4 PE=1 SV=4,0.38725,0.206418265,8,0.0182
Q7Z5G4,Golgin subfamily A member 7 OS=Homo sapiens GN=GOLGA7 PE=1 SV=2,0.75,0.197538182,4,0.78487
Q99988,Growth/differentiation factor 15 OS=Homo sapiens GN=GDF15 PE=1 SV=2,0.050333333,0.057812917,3,0.00172
P63096,Guanine nucleotide-binding protein G(i) subunit alpha-1 OS=Homo sapiens GN=GNAI1 PE=1 SV=2,0.651464286,0.209650182,56,0.52652
P04899,Guanine nucleotide-binding protein G(i) subunit alpha-2 OS=Homo sapiens GN=GNAI2 PE=1 SV=3,0.835086957,0.275418859,46,0.95484
Q9UBI6,Guanine nucleotide-binding protein G(I)/G(S)/G(O) subunit gamma-12 OS=Homo sapiens GN=GNG12 PE=1 SV=3,0.733264706,0.261215609,34,0.85583
P62873,Guanine nucleotide-binding protein G(I)/G(S)/G(T) subunit beta-1 OS=Homo sapiens GN=GNB1 PE=1 SV=3,0.73293617,0.216528581,47,0.86511
P08754,Guanine nucleotide-binding protein G(k) subunit alpha OS=Homo sapiens GN=GNAI3 PE=1 SV=3,0.942916667,0.347744398,24,0.98816
Q5JWF2,Guanine nucleotide-binding protein G(s) subunit alpha isoforms XLas OS=Homo sapiens GN=GNAS PE=1 SV=2,0.540621212,0.188243032,66,0.03661
P29992,Guanine nucleotide-binding protein subunit alpha-11 OS=Homo sapiens GN=GNA11 PE=1 SV=2,0.580078947,0.20406019,38,0.15245
Q03113,Guanine nucleotide-binding protein subunit alpha-12 OS=Homo sapiens GN=GNA12 PE=1 SV=4,0.691,0.171302462,16,0.71204
P08107,Heat shock 70 kDa protein 1A/1B OS=Homo sapiens GN=HSPA1A PE=1 SV=5,1.356666667,0.006350853,3,0.74108
P34931,Heat shock 70 kDa protein 1-like OS=Homo sapiens GN=HSPA1L PE=1 SV=2,0.8982,0.261611735,5,0.95959
P11142,Heat shock cognate 71 kDa protein OS=Homo sapiens GN=HSPA8 PE=1 SV=1,0.945384615,1.516904435,52,0.99141
P54652,Heat shock-related 70 kDa protein 2 OS=Homo sapiens GN=HSPA2 PE=1 SV=1,1.059625,0.711155787,8,0.98202
Q9Y4B4,Helicase ARIP4 OS=Homo sapiens GN=RAD54L2 PE=1 SV=3,222.7848,211.5208951,5,0.00052
O43504,Hepatitis B virus X-interacting protein OS=Homo sapiens GN=HBXIP PE=1 SV=1,0.607571429,0.210489792,7,0.43239
P61978,Heterogeneous nuclear ribonucleoprotein K OS=Homo sapiens GN=HNRNPK PE=1 SV=1,0.387,0.165744784,4,0.05879
P52272,Heterogeneous nuclear ribonucleoprotein M OS=Homo sapiens GN=HNRNPM PE=1 SV=3,0.37,0.220955878,5,0.03313
O60506,Heterogeneous nuclear ribonucleoprotein Q OS=Homo sapiens GN=SYNCRIP PE=1 SV=2,0.55175,0.297479831,4,0.32342
Q9Y4L1,Hypoxia up-regulated protein 1 OS=Homo sapiens GN=HYOU1 PE=1 SV=1,0.282666667,0.340032842,3,0.02444
Q14974,Importin subunit beta-1 OS=Homo sapiens GN=KPNB1 PE=1 SV=2,0.776875,0.133364632,8,0.86614
O00410,Importin-5 OS=Homo sapiens GN=IPO5 PE=1 SV=4,0.926875,0.420220839,8,0.9747
P05556,Integrin beta-1 OS=Homo sapiens GN=ITGB1 PE=1 SV=2,0.268,0.075019997,3,0.01928
Q01628,Interferon-induced transmembrane protein 3 OS=Homo sapiens GN=IFITM3 PE=2 SV=2,0.28,0.236036014,3,0.02274
P14923,Junction plakoglobin OS=Homo sapiens GN=JUP PE=1 SV=3,1.4999,1.856242528,10,0.62211
O76011,"Keratin, type I cuticular Ha4 OS=Homo sapiens GN=KRT34 PE=1 SV=2",0.808333333,0.715914334,3,0.84785
P13645,"Keratin, type I cytoskeletal 10 OS=Homo sapiens GN=KRT10 PE=1 SV=6",0.6505,0.419618534,8,0.5649
P13646,"Keratin, type I cytoskeletal 13 OS=Homo sapiens GN=KRT13 PE=1 SV=4",0.685957447,0.286129642,47,0.72303
P02533,"Keratin, type I cytoskeletal 14 OS=Homo sapiens GN=KRT14 PE=1 SV=4",0.698083333,0.260244102,12,0.72583
P08779,"Keratin, type I cytoskeletal 16 OS=Homo sapiens GN=KRT16 PE=1 SV=4",0.68525,0.191153298,4,0.64962
Q04695,"Keratin, type I cytoskeletal 17 OS=Homo sapiens GN=KRT17 PE=1 SV=2",0.54,0.263043723,2,0.36622
P05783,"Keratin, type I cytoskeletal 18 OS=Homo sapiens GN=KRT18 PE=1 SV=2",0.740172185,0.442714201,151,0.8684
P08727,"Keratin, type I cytoskeletal 19 OS=Homo sapiens GN=KRT19 PE=1 SV=3",0.708738095,0.296820018,84,0.8069
Q14533,"Keratin, type II cuticular Hb1 OS=Homo sapiens GN=KRT81 PE=1 SV=2",4.88175,8.516959605,4,0.00512
P35908,"Keratin, type II cytoskeletal 2 epidermal OS=Homo sapiens GN=KRT2 PE=1 SV=2",0.784885714,0.665364861,35,0.92463
P19013,"Keratin, type II cytoskeletal 4 OS=Homo sapiens GN=KRT4 PE=1 SV=4",0.590888889,0.186616883,9,0.35519
P02538,"Keratin, type II cytoskeletal 6A OS=Homo sapiens GN=KRT6A PE=1 SV=3",0.871333333,0.360412356,6,0.94818
P08729,"Keratin, type II cytoskeletal 7 OS=Homo sapiens GN=KRT7 PE=1 SV=4",0.598101695,0.24852378,177,0.0828
Q14CN4,"Keratin, type II cytoskeletal 72 OS=Homo sapiens GN=KRT72 PE=1 SV=2",0.6295,0.201120611,6,0.5052
O95678,"Keratin, type II cytoskeletal 75 OS=Homo sapiens GN=KRT75 PE=1 SV=2",1.050833333,0.414290438,6,0.98439
Q5XKE5,"Keratin, type II cytoskeletal 79 OS=Homo sapiens GN=KRT79 PE=1 SV=1",0.6995,0.246909074,12,0.73133
P05787,"Keratin, type II cytoskeletal 8 OS=Homo sapiens GN=KRT8 PE=1 SV=7",0.927317073,0.40478697,82,0.9898
Q86UP2,Kinectin OS=Homo sapiens GN=KTN1 PE=1 SV=1,0.4521,0.244519486,20,0.01973
P02545,Lamin-A/C OS=Homo sapiens GN=LMNA PE=1 SV=1,0.353,0,2,0.10989
Q13751,Laminin subunit beta-3 OS=Homo sapiens GN=LAMB3 PE=1 SV=1,0.21025,0.099171148,4,0.00586
P42704,"Leucine-rich PPR motif-containing protein, mitochondrial OS=Homo sapiens GN=LRPPRC PE=1 SV=3",0.580083333,0.435777562,12,0.2883
Q9BTT6,Leucine-rich repeat-containing protein 1 OS=Homo sapiens GN=LRRC1 PE=1 SV=1,0.242,0.12047683,4,0.0072
Q96AG4,Leucine-rich repeat-containing protein 59 OS=Homo sapiens GN=LRRC59 PE=1 SV=1,0.576692308,0.188730871,26,0.18173
Q9UHB6,LIM domain and actin-binding protein 1 OS=Homo sapiens GN=LIMA1 PE=1 SV=1,0.4235,0.269283308,6,0.05395
Q96N66,Lysophospholipid acyltransferase 7 OS=Homo sapiens GN=MBOAT7 PE=1 SV=2,1.483333333,0.288122081,3,0.61916
P13473,Lysosome-associated membrane glycoprotein 2 OS=Homo sapiens GN=LAMP2 PE=1 SV=2,0.389,0.048083261,2,0.14617
Q8N3R9,MAGUK p55 subfamily member 5 OS=Homo sapiens GN=MPP5 PE=1 SV=3,0.9082,0.366697014,5,0.96459
Q8N565,Melanoregulin OS=Homo sapiens GN=MREG PE=1 SV=1,0.922,0,2,0.93661
O75431,Metaxin-2 OS=Homo sapiens GN=MTX2 PE=1 SV=1,0.4075,0.335875721,2,0.16448
O14880,Microsomal glutathione S-transferase 3 OS=Homo sapiens GN=MGST3 PE=1 SV=1,0.558,0.390187529,14,0.19363
Q02978,Mitochondrial 2-oxoglutarate/malate carrier protein OS=Homo sapiens GN=SLC25A11 PE=1 SV=3,0.523,0.486489465,2,0.3374
Q9NZJ7,Mitochondrial carrier homolog 1 OS=Homo sapiens GN=MTCH1 PE=1 SV=1,0.189125,0.06863035,8,0.00656
Q9Y6C9,Mitochondrial carrier homolog 2 OS=Homo sapiens GN=MTCH2 PE=1 SV=1,0.21825,0.038947614,4,0.00541
P62072,Mitochondrial import inner membrane translocase subunit Tim10 OS=Homo sapiens GN=TIMM10 PE=1 SV=1,0.5245,0.292035101,2,0.33981
Q3ZCQ8,Mitochondrial import inner membrane translocase subunit TIM50 OS=Homo sapiens GN=TIMM50 PE=1 SV=2,0.253,0.042532341,3,0.01617
Q15388,Mitochondrial import receptor subunit TOM20 homolog OS=Homo sapiens GN=TOMM20 PE=1 SV=1,0.394142857,0.249607259,42,0.02062
Q9NS69,Mitochondrial import receptor subunit TOM22 homolog OS=Homo sapiens GN=TOMM22 PE=1 SV=3,0.33797561,0.243178688,41,0.01685
O96008,Mitochondrial import receptor subunit TOM40 homolog OS=Homo sapiens GN=TOMM40 PE=1 SV=1,0.474588235,0.423118231,34,0.02558
Q8N4H5,Mitochondrial import receptor subunit TOM5 homolog OS=Homo sapiens GN=TOMM5 PE=1 SV=1,0.241,0.157799451,7,0.00584
Q9P0U1,Mitochondrial import receptor subunit TOM7 homolog OS=Homo sapiens GN=TOMM7 PE=1 SV=1,0.171428571,0.0723138,7,0.00596
O94826,Mitochondrial import receptor subunit TOM70 OS=Homo sapiens GN=TOMM70A PE=1 SV=1,0.537777778,0.225703222,9,0.19135
Q16891,Mitochondrial inner membrane protein OS=Homo sapiens GN=IMMT PE=1 SV=1,0.429803922,0.247562535,102,0.03645
Q9UHA4,Mitogen-activated protein kinase scaffold protein 1 OS=Homo sapiens GN=MAPKSP1 PE=1 SV=1,0.636857143,0.28691429,7,0.52285
Q9Y2Q5,Mitogen-activated protein-binding protein-interacting protein OS=Homo sapiens GN=ROBLD3 PE=1 SV=1,0.7882,0.393603481,5,0.85893
O15427,Monocarboxylate transporter 4 OS=Homo sapiens GN=SLC16A3 PE=1 SV=1,0.338,0.306888533,8,0.00995
Q96S97,Myeloid-associated differentiation marker OS=Homo sapiens GN=MYADM PE=1 SV=2,0.575,0.250788357,6,0.3409
Q9NZM1,Myoferlin OS=Homo sapiens GN=MYOF PE=1 SV=1,0.643571429,0.475523521,7,0.54561
P60660,Myosin light polypeptide 6 OS=Homo sapiens GN=MYL6 PE=1 SV=2,0.47825,0.226171579,4,0.17394
P35580,Myosin-10 OS=Homo sapiens GN=MYH10 PE=1 SV=3,0.457,0.28567114,2,0.22824
P35749,Myosin-11 OS=Homo sapiens GN=MYH11 PE=1 SV=3,0.1505,0.086974134,2,0.00722
P35579,Myosin-9 OS=Homo sapiens GN=MYH9 PE=1 SV=4,0.329833333,0.016142078,6,0.01252
O00159,Myosin-Ic OS=Homo sapiens GN=MYO1C PE=1 SV=3,0.6808,0.089622542,5,0.64658
Q9P032,NADH dehydrogenase [ubiquinone] 1 alpha subcomplex assembly factor 4 OS=Homo sapiens GN=NDUFAF4 PE=1 SV=1,0.820333333,0.367486508,3,0.86422
O95299,"NADH dehydrogenase [ubiquinone] 1 alpha subcomplex subunit 10, mitochondrial OS=Homo sapiens GN=NDUFA10 PE=1 SV=1",0.8582,0.868992678,20,0.9602
Q9P0J0,NADH dehydrogenase [ubiquinone] 1 alpha subcomplex subunit 13 OS=Homo sapiens GN=NDUFA13 PE=1 SV=3,0.608795455,0.366911343,44,0.2677
Q16718,NADH dehydrogenase [ubiquinone] 1 alpha subcomplex subunit 5 OS=Homo sapiens GN=NDUFA5 PE=1 SV=3,0.595433333,0.261495656,30,0.24473
P56556,NADH dehydrogenase [ubiquinone] 1 alpha subcomplex subunit 6 OS=Homo sapiens GN=NDUFA6 PE=1 SV=2,0.4155,0.277841082,4,0.08414
P51970,NADH dehydrogenase [ubiquinone] 1 alpha subcomplex subunit 8 OS=Homo sapiens GN=NDUFA8 PE=1 SV=3,0.453,0.260356166,7,0.07103
Q16795,"NADH dehydrogenase [ubiquinone] 1 alpha subcomplex subunit 9, mitochondrial OS=Homo sapiens GN=NDUFA9 PE=1 SV=2",0.481785714,0.242619708,28,0.02461
O75438,NADH dehydrogenase [ubiquinone] 1 beta subcomplex subunit 1 OS=Homo sapiens GN=NDUFB1 PE=1 SV=1,0.293666667,0.158348771,3,0.02809
O96000,NADH dehydrogenase [ubiquinone] 1 beta subcomplex subunit 10 OS=Homo sapiens GN=NDUFB10 PE=1 SV=3,0.644571429,0.242066697,7,0.54659
O43676,NADH dehydrogenase [ubiquinone] 1 beta subcomplex subunit 3 OS=Homo sapiens GN=NDUFB3 PE=1 SV=3,0.476666667,0.177725444,3,0.20778
O95168,NADH dehydrogenase [ubiquinone] 1 beta subcomplex subunit 4 OS=Homo sapiens GN=NDUFB4 PE=1 SV=3,1.095,0.589257159,4,0.96079
O95139,NADH dehydrogenase [ubiquinone] 1 beta subcomplex subunit 6 OS=Homo sapiens GN=NDUFB6 PE=1 SV=3,0.365,0.280337297,3,0.07048
P49821,"NADH dehydrogenase [ubiquinone] flavoprotein 1, mitochondrial OS=Homo sapiens GN=NDUFV1 PE=1 SV=4",0.459647059,0.201786998,17,0.02177
P19404,"NADH dehydrogenase [ubiquinone] flavoprotein 2, mitochondrial OS=Homo sapiens GN=NDUFV2 PE=1 SV=2",0.6088,0.3131693,20,0.35288
O75306,"NADH dehydrogenase [ubiquinone] iron-sulfur protein 2, mitochondrial OS=Homo sapiens GN=NDUFS2 PE=1 SV=2",0.691424242,0.323660705,33,0.73379
O75489,"NADH dehydrogenase [ubiquinone] iron-sulfur protein 3, mitochondrial OS=Homo sapiens GN=NDUFS3 PE=1 SV=1",0.59531746,0.273383804,63,0.1506
O43181,"NADH dehydrogenase [ubiquinone] iron-sulfur protein 4, mitochondrial OS=Homo sapiens GN=NDUFS4 PE=1 SV=1",0.432,0.366723329,5,0.08001
O00217,"NADH dehydrogenase [ubiquinone] iron-sulfur protein 8, mitochondrial OS=Homo sapiens GN=NDUFS8 PE=1 SV=1",0.587142857,0.286789868,21,0.24907
P28331,"NADH-ubiquinone oxidoreductase 75 kDa subunit, mitochondrial OS=Homo sapiens GN=NDUFS1 PE=1 SV=3",0.529917808,0.261337466,73,0.03153
P03891,NADH-ubiquinone oxidoreductase chain 2 OS=Homo sapiens GN=MT-ND2 PE=1 SV=2,0.1305,0.078488853,2,0.00496
P03905,NADH-ubiquinone oxidoreductase chain 4 OS=Homo sapiens GN=MT-ND4 PE=1 SV=1,0.332666667,0.093735443,3,0.04713
P03915,NADH-ubiquinone oxidoreductase chain 5 OS=Homo sapiens GN=MT-ND5 PE=1 SV=2,0.381,0.001414214,2,0.13383
Q09666,Neuroblast differentiation-associated protein AHNAK OS=Homo sapiens GN=AHNAK PE=1 SV=2,0.707546703,0.380500595,1092,0.56769
Q15758,Neutral amino acid transporter B(0) OS=Homo sapiens GN=SLC1A5 PE=1 SV=2,0.355,0.140007143,2,0.11271
Q9BZM4,NKG2D ligand 3 OS=Homo sapiens GN=ULBP3 PE=1 SV=1,0.756333333,0.090643992,3,0.7744
P19338,Nucleolin OS=Homo sapiens GN=NCL PE=1 SV=3,0.823,0.11295685,9,0.92057
P06748,Nucleophosmin OS=Homo sapiens GN=NPM1 PE=1 SV=2,0.910875,0.174797352,24,0.9799
Q9NX40,OCIA domain-containing protein 1 OS=Homo sapiens GN=OCIAD1 PE=1 SV=1,0.37825,0.270876751,8,0.01656
Q56VL3,OCIA domain-containing protein 2 OS=Homo sapiens GN=OCIAD2 PE=1 SV=1,0.413,0.126928326,6,0.04635
O75781,Paralemmin OS=Homo sapiens GN=PALM PE=1 SV=2,0.3325,0.064346717,2,0.09241
Q14318,Peptidyl-prolyl cis-trans isomerase FKBP8 OS=Homo sapiens GN=FKBP8 PE=1 SV=2,0.407666667,0.012701706,3,0.1101
P41219,Peripherin OS=Homo sapiens GN=PRPH PE=1 SV=2,17.995,19.42565891,3,0.00196
P30041,Peroxiredoxin-6 OS=Homo sapiens GN=PRDX6 PE=1 SV=3,0.097,0.073539105,2,0.00324
Q00325,"Phosphate carrier protein, mitochondrial OS=Homo sapiens GN=SLC25A3 PE=1 SV=2",0.427131579,0.307451,38,0.0197
Q9Y446,Plakophilin-3 OS=Homo sapiens GN=PKP3 PE=1 SV=1,0.751333333,0.348854196,9,0.83337
P13796,Plastin-2 OS=Homo sapiens GN=LCP1 PE=1 SV=5,0.128,0.001414214,2,0.00503
Q15149,Plectin-1 OS=Homo sapiens GN=PLEC1 PE=1 SV=3,0.573962162,0.712198375,1295,0.1312
P54707,Potassium-transporting ATPase alpha chain 2 OS=Homo sapiens GN=ATP12A PE=2 SV=3,0.8056,0.321580887,10,0.91013
P07737,Profilin-1 OS=Homo sapiens GN=PFN1 PE=1 SV=2,0.349333333,0.016441817,3,0.05872
O75340,Programmed cell death protein 6 OS=Homo sapiens GN=PDCD6 PE=1 SV=1,0.606769231,0.167615109,26,0.31502
P35232,Prohibitin OS=Homo sapiens GN=PHB PE=1 SV=1,0.540693878,0.347140474,49,0.04215
Q99623,Prohibitin-2 OS=Homo sapiens GN=PHB2 PE=1 SV=2,0.487407407,0.293635181,81,0.03213
P30101,Protein disulfide-isomerase A3 OS=Homo sapiens GN=PDIA3 PE=1 SV=4,0.25,0.206324986,6,0.00591
Q15084,Protein disulfide-isomerase A6 OS=Homo sapiens GN=PDIA6 PE=1 SV=1,0.279,0.087681241,2,0.05219
P07237,Protein disulfide-isomerase OS=Homo sapiens GN=P4HB PE=1 SV=3,0.3328,0.016346253,5,0.01777
Q14156,Protein EFR3 homolog A OS=Homo sapiens GN=EFR3A PE=1 SV=2,0.6784,0.089937756,5,0.64223
Q96A26,Protein FAM162A OS=Homo sapiens GN=FAM162A PE=1 SV=2,0.846428571,0.432979929,7,0.93332
Q86UE4,Protein LYRIC OS=Homo sapiens GN=MTDH PE=1 SV=2,0.426,0.147591779,4,0.09657
Q969L2,Protein MAL2 OS=Homo sapiens GN=MAL2 PE=1 SV=1,0.336571429,0.169704505,7,0.01106
P39210,Protein Mpv17 OS=Homo sapiens GN=MPV17 PE=1 SV=1,0.203,0.069296465,2,0.01745
P60903,Protein S100-A10 OS=Homo sapiens GN=S100A10 PE=1 SV=2,0.762925,0.263648113,40,0.90428
P31949,Protein S100-A11 OS=Homo sapiens GN=S100A11 PE=1 SV=2,0.619636364,0.196565103,77,0.26718
Q9HCY8,Protein S100-A14 OS=Homo sapiens GN=S100A14 PE=1 SV=1,0.710540984,0.217449118,61,0.8181
Q96FQ6,Protein S100-A16 OS=Homo sapiens GN=S100A16 PE=1 SV=1,0.636443478,0.233807133,115,0.34776
Q14160,Protein scribble homolog OS=Homo sapiens GN=SCRIB PE=1 SV=4,0.512948718,0.213789487,39,0.03385
O75695,Protein XRP2 OS=Homo sapiens GN=RP2 PE=1 SV=4,1.623,0.114335763,4,0.48246
P21980,Protein-glutamine gamma-glutamyltransferase 2 OS=Homo sapiens GN=TGM2 PE=1 SV=2,0.168285714,0.083689335,7,0.00535
P07947,Proto-oncogene tyrosine-protein kinase Yes OS=Homo sapiens GN=YES1 PE=1 SV=3,1.06659322,0.566103656,59,0.9872
P0C7P4,Putative cytochrome b-c1 complex subunit Rieske-like protein 1 OS=Homo sapiens GN=UQCRFSL1 PE=5 SV=1,0.502,0.278306586,19,0.0467
Q58FF8,Putative heat shock protein HSP 90-beta 2 OS=Homo sapiens GN=HSP90AB2P PE=1 SV=2,0.645,0.201006633,7,0.54874
Q58FF7,Putative heat shock protein HSP 90-beta-3 OS=Homo sapiens GN=HSP90AB3P PE=5 SV=1,0.817,0.302252102,7,0.90713
Q9H853,Putative tubulin-like protein alpha-4B OS=Homo sapiens GN=TUBA4B PE=5 SV=2,0.8295,0.174655375,2,0.83995
P11177,"Pyruvate dehydrogenase E1 component subunit beta, mitochondrial OS=Homo sapiens GN=PDHB PE=1 SV=3",0.474,0.466690476,2,0.25383
P63000,Ras-related C3 botulinum toxin substrate 1 OS=Homo sapiens GN=RAC1 PE=1 SV=1,0.596,0.24607316,2,0.46681
P61026,Ras-related protein Rab-10 OS=Homo sapiens GN=RAB10 PE=1 SV=1,0.769230769,0.206316163,13,0.87893
P62491,Ras-related protein Rab-11A OS=Homo sapiens GN=RAB11A PE=1 SV=3,0.70225,0.14464756,4,0.68659
P59190,Ras-related protein Rab-15 OS=Homo sapiens GN=RAB15 PE=1 SV=1,0.734,0.002828427,2,0.70526
P62820,Ras-related protein Rab-1A OS=Homo sapiens GN=RAB1A PE=1 SV=3,0.691052632,0.116903794,19,0.71712
Q15286,Ras-related protein Rab-35 OS=Homo sapiens GN=RAB35 PE=1 SV=1,1.0752,1.135646248,10,0.97806
P11233,Ras-related protein Ral-A OS=Homo sapiens GN=RALA PE=1 SV=1,0.9278,0.244626654,5,0.97453
P62834,Ras-related protein Rap-1A OS=Homo sapiens GN=RAP1A PE=1 SV=1,0.781636364,0.16977537,33,0.92075
P10114,Ras-related protein Rap-2a OS=Homo sapiens GN=RAP2A PE=1 SV=1,0.466,0.235946498,9,0.05969
P61225,Ras-related protein Rap-2b OS=Homo sapiens GN=RAP2B PE=1 SV=1,0.509047619,0.135030173,21,0.04803
P62070,Ras-related protein R-Ras2 OS=Homo sapiens GN=RRAS2 PE=1 SV=1,1.0245,0.44334084,6,0.99234
P49795,Regulator of G-protein signaling 19 OS=Homo sapiens GN=RGS19 PE=1 SV=1,0.7717,0.136807285,10,0.86977
Q96TC7,Regulator of microtubule dynamics protein 3 OS=Homo sapiens GN=FAM82A2 PE=1 SV=2,1.126375,2.588341853,24,0.97399
Q9NQC3,Reticulon-4 OS=Homo sapiens GN=RTN4 PE=1 SV=2,0.407384615,0.171163927,13,0.01497
Q8NFJ5,Retinoic acid-induced protein 3 OS=Homo sapiens GN=GPRC5A PE=1 SV=2,1.130666667,0.395446899,9,0.95937
Q6IAA8,RhoA activator C11orf59 OS=Homo sapiens GN=C11orf59 PE=1 SV=2,0.631346154,0.259597064,26,0.44662
P62136,Serine/threonine-protein phosphatase PP1-alpha catalytic subunit OS=Homo sapiens GN=PPP1CA PE=1 SV=1,0.37175,0.227810542,8,0.01512
Q9H9B4,Sideroflexin-1 OS=Homo sapiens GN=SFXN1 PE=1 SV=4,0.596666667,0.263154897,9,0.37619
P67812,Signal peptidase complex catalytic subunit SEC11A OS=Homo sapiens GN=SEC11A PE=1 SV=1,0.7335,0.143542677,2,0.70613
P62314,Small nuclear ribonucleoprotein Sm D1 OS=Homo sapiens GN=SNRPD1 PE=1 SV=1,0.658166667,0.161498504,6,0.58725
Q9Y6M7,Sodium bicarbonate cotransporter 3 OS=Homo sapiens GN=SLC4A7 PE=1 SV=2,0.62,0.002828427,2,0.51283
P05023,Sodium/potassium-transporting ATPase subunit alpha-1 OS=Homo sapiens GN=ATP1A1 PE=1 SV=1,0.751023256,0.325654164,86,0.8935
P05026,Sodium/potassium-transporting ATPase subunit beta-1 OS=Homo sapiens GN=ATP1B1 PE=1 SV=1,0.488,0.210215762,7,0.1189
P54709,Sodium/potassium-transporting ATPase subunit beta-3 OS=Homo sapiens GN=ATP1B3 PE=1 SV=1,0.867285714,0.205348252,7,0.94724
Q96QD8,Sodium-coupled neutral amino acid transporter 2 OS=Homo sapiens GN=SLC38A2 PE=1 SV=2,0.954076923,0.235424249,13,0.98702
P11166,"Solute carrier family 2, facilitated glucose transporter member 1 OS=Homo sapiens GN=SLC2A1 PE=1 SV=2",0.49665,0.155499289,20,0.03918
Q8TDB8,"Solute carrier family 2, facilitated glucose transporter member 14 OS=Homo sapiens GN=SLC2A14 PE=2 SV=1",0.55675,0.247766523,4,0.33155
Q9Y512,Sorting and assembly machinery component 50 homolog OS=Homo sapiens GN=SAMM50 PE=1 SV=3,0.411111111,0.270582789,18,0.015
Q13813,"Spectrin alpha chain, brain OS=Homo sapiens GN=SPTAN1 PE=1 SV=3",0.485468354,0.216974052,79,0.0318
Q01082,"Spectrin beta chain, brain 1 OS=Homo sapiens GN=SPTBN1 PE=1 SV=2",0.395090909,0.211773679,11,0.01482
O15020,"Spectrin beta chain, brain 2 OS=Homo sapiens GN=SPTBN2 PE=1 SV=2",0.1755,0.007778175,2,0.01159
Q9UJZ1,Stomatin-like protein 2 OS=Homo sapiens GN=STOML2 PE=1 SV=1,0.516151899,0.284302254,79,0.03222
P50443,Sulfate transporter OS=Homo sapiens GN=SLC26A2 PE=1 SV=2,0.498,0.27011479,2,0.29419
O00161,Synaptosomal-associated protein 23 OS=Homo sapiens GN=SNAP23 PE=1 SV=1,0.65209375,0.14063046,32,0.5494
P50991,T-complex protein 1 subunit delta OS=Homo sapiens GN=CCT4 PE=1 SV=4,0.554,0.299053507,3,0.35498
P07996,Thrombospondin-1 OS=Homo sapiens GN=THBS1 PE=1 SV=2,1.291393939,0.514560063,33,0.91542
Q9NZ01,"Trans-2,3-enoyl-CoA reductase OS=Homo sapiens GN=TECR PE=1 SV=1",0.909,0,2,0.92582
P02786,Transferrin receptor protein 1 OS=Homo sapiens GN=TFRC PE=1 SV=2,0.530933333,0.250155799,15,0.11277
P61586,Transforming protein RhoA OS=Homo sapiens GN=RHOA PE=1 SV=1,0.726,0.029698485,2,0.68852
P55072,Transitional endoplasmic reticulum ATPase OS=Homo sapiens GN=VCP PE=1 SV=4,0.809846154,0.289753587,13,0.92206
Q92616,Translational activator GCN1 OS=Homo sapiens GN=GCN1L1 PE=1 SV=5,0.3785625,0.150326298,16,0.01252
P51571,Translocon-associated protein subunit delta OS=Homo sapiens GN=SSR4 PE=1 SV=1,0.609,0.166126458,6,0.44187
Q9HD45,Transmembrane 9 superfamily member 3 OS=Homo sapiens GN=TM9SF3 PE=1 SV=2,0.4575,0.004949747,2,0.22797
Q9UM00,Transmembrane and coiled-coil domain-containing protein 1 OS=Homo sapiens GN=TMCO1 PE=1 SV=1,0.520333333,0.054307765,3,0.28409
P49755,Transmembrane emp24 domain-containing protein 10 OS=Homo sapiens GN=TMED10 PE=1 SV=2,0.4796,0.101871488,5,0.14691
Q15363,Transmembrane emp24 domain-containing protein 2 OS=Homo sapiens GN=TMED2 PE=1 SV=1,0.4504,0.080841202,5,0.09957
Q9BTV4,Transmembrane protein 43 OS=Homo sapiens GN=TMEM43 PE=1 SV=1,0.547833333,0.125327438,6,0.26798
Q86T03,Transmembrane protein 55B OS=Homo sapiens GN=TMEM55B PE=1 SV=1,0.514,0.480832611,2,0.3183
P40939,"Trifunctional enzyme subunit alpha, mitochondrial OS=Homo sapiens GN=HADHA PE=1 SV=2",0.47928,0.236887723,25,0.02469
P55084,"Trifunctional enzyme subunit beta, mitochondrial OS=Homo sapiens GN=HADHB PE=1 SV=3",0.303,0.113137085,2,0.0681
P19429,"Troponin I, cardiac muscle OS=Homo sapiens GN=TNNI3 PE=1 SV=3",0.768833333,0.215023177,6,0.83931
Q71U36,Tubulin alpha-1A chain OS=Homo sapiens GN=TUBA1A PE=1 SV=1,0.842666667,0.237442428,51,0.96002
P68363,Tubulin alpha-1B chain OS=Homo sapiens GN=TUBA1B PE=1 SV=1,0.844526316,0.176557629,19,0.95411
P07437,Tubulin beta chain OS=Homo sapiens GN=TUBB PE=1 SV=2,0.8884,0.177966757,25,0.97354
Q13885,Tubulin beta-2A chain OS=Homo sapiens GN=TUBB2A PE=1 SV=1,0.899258065,0.192492592,31,0.9751
P68371,Tubulin beta-2C chain OS=Homo sapiens GN=TUBB2C PE=1 SV=1,0.8712,0.095518061,5,0.94238
P09758,Tumor-associated calcium signal transducer 2 OS=Homo sapiens GN=TACSTD2 PE=1 SV=3,0.376,0.11334834,14,0.012
P51451,Tyrosine-protein kinase Blk OS=Homo sapiens GN=BLK PE=1 SV=3,0.6985,0.275064538,2,0.64902
P06241,Tyrosine-protein kinase Fyn OS=Homo sapiens GN=FYN PE=1 SV=3,0.9592,0.213945654,15,0.98936
P62988,Ubiquitin OS=Homo sapiens GN=RPS27A PE=1 SV=1,0.756473684,0.270002276,38,0.89386
Q8IVT2,Uncharacterized protein C19orf21 OS=Homo sapiens GN=C19orf21 PE=1 SV=1,0.1205,0.132228968,2,0.00458
Q6UW78,UPF0723 protein C11orf83 OS=Homo sapiens GN=C11orf83 PE=1 SV=1,0.4885,0.412243253,2,0.27771
Q9P0L0,Vesicle-associated membrane protein-associated protein A OS=Homo sapiens GN=VAPA PE=1 SV=3,0.662642857,0.309763584,14,0.60583
P08670,Vimentin OS=Homo sapiens GN=VIM PE=1 SV=4,7.734777778,15.29819846,36,0.01058
P04004,Vitronectin OS=Homo sapiens GN=VTN PE=1 SV=1,0.006,0.004301163,5,0.00051
P21796,Voltage-dependent anion-selective channel protein 1 OS=Homo sapiens GN=VDAC1 PE=1 SV=2,0.559131579,0.315229022,114,0.04872
P45880,Voltage-dependent anion-selective channel protein 2 OS=Homo sapiens GN=VDAC2 PE=1 SV=2,0.506168142,0.26374585,113,0.04467
Q9Y277,Voltage-dependent anion-selective channel protein 3 OS=Homo sapiens GN=VDAC3 PE=1 SV=1,0.565526316,0.300772642,57,0.06646
Q9Y487,V-type proton ATPase 116 kDa subunit a isoform 2 OS=Homo sapiens GN=ATP6V0A2 PE=1 SV=2,0.644,0.171071135,4,0.55015
Q13488,V-type proton ATPase 116 kDa subunit a isoform 3 OS=Homo sapiens GN=TCIRG1 PE=1 SV=3,0.766166667,0.143811567,6,0.83801
P38606,V-type proton ATPase catalytic subunit A OS=Homo sapiens GN=ATP6V1A PE=1 SV=2,0.71815,0.175642662,20,0.80004
P21281,"V-type proton ATPase subunit B, brain isoform OS=Homo sapiens GN=ATP6V1B2 PE=1 SV=3",0.813714286,0.263570809,7,0.90542
P15313,"V-type proton ATPase subunit B, kidney isoform OS=Homo sapiens GN=ATP6V1B1 PE=1 SV=3",0.684,0.110908371,4,0.64846
P21283,V-type proton ATPase subunit C 1 OS=Homo sapiens GN=ATP6V1C1 PE=1 SV=4,0.651,0.246509409,10,0.56443
P61421,V-type proton ATPase subunit d 1 OS=Homo sapiens GN=ATP6V0D1 PE=1 SV=1,0.515,0.384346198,4,0.23988
Q16864,V-type proton ATPase subunit F OS=Homo sapiens GN=ATP6V1F PE=1 SV=2,0.833294118,0.348525782,17,0.94626
Q9UI12,V-type proton ATPase subunit H OS=Homo sapiens GN=ATP6V1H PE=1 SV=1,0.749428571,0.320503176,7,0.81759
Q92504,Zinc transporter SLC39A7 OS=Homo sapiens GN=SLC39A7 PE=1 SV=2,0.400666667,0.002081666,3,0.10344
