Downregulated in exosome,,,
Cell/Exo<0.5,Cell/Exo>2,0.5<Cell/Exo>2,Cell/Exo negative
>has-miR-503-5p,>hsa-miR-148a-3p,>hsa-miR-363-3p,>hsa-miR-16-2-3p
UAGCAGCGGGAACAGUUCUGCAG,UCAGUGCACUACAGAACUUUGU,AAUUGCACGGUAUCCAUCUGUA,CCAAUAUUACUGUGCUGCUUUA
,>hsa-miR-200a-3p,>hsa-miR-146a-5p,
*increase in exo,UAACACUGUCUGGUAACGAUGU,UGAGAACUGAAUUCCAUGGGUU,
due to cvin-1 ,>hsa-miR-30a-5p,>hsa-miR-125b-2-3p,
expression,UGUAAACAUCCUCGACUGGAAG,UCACAAGUCAGGCUCUUGGGAC,
,>hsa-miR-98-5p,>hsa-miR-450b-5p,
,UGAGGUAGUAAGUUGUAUUGUU,UUUUGCAAUAUGUUCCUGAAUA,
,>hsa-miR-125a-5p,>hsa-miR-542-3p,
,UCCCUGAGACCCUUUAACCUGUGA,UGUGACAGAUUGAUAACUGAAA,
,>hsa-miR-32-5p,>hsa-miR-148a-5p,
,UAUUGCACAUUACUAAGUUGCA,AAAGUUCUGAGACACUCCGACU,
,>hsa-miR-340-5p,>hsa-miR-17-5p,
,UUAUAAAGCAAUGAGACUGAUU,CAAAGUGCUUACAGUGCAGGUAG,
,,>hsa-miR-502-3p,
,,AAUGCACCUGGGCAAGGAUUCA,
,*Indicates that these,>hsa-miR-374a-3p,
,decreases in the exo,CUUAUCAGAUUGUAUUGUAAUU,
,compared to cell due ,>hsa-miR-500a-3p,
,to cavin-1 introduction,AUGCACCUGGGCAAGGAUUCUG,
,,>hsa-miR-99b-3p,
,,CAAGCUCGUGUCUGUGGGUCCG,
,,>hsa-miR-532-5p,
,,CAUGCCUUGAGUGUAGGACCGU,
,,>hsa-miR-10b-5p,
,,UACCCUGUAGAACCGAAUUUGUG,
,,>hsa-miR-19a-3p,
,,UGUGCAAAUCUAUGCAAAACUGA,
,,>hsa-miR-20b-5p,
,,CAAAGUGCUCAUAGUGCAGGUAG,
,,,
Uprefulated in Exosome,,,
Cell/Exo<0.5,Cell/Exo>2,0.5<Cell/Exo>1.5,Cell/Exo negative
>hsa-miR-362-5p,>hsa-miR-30e-3p,>hsa-miR-374a-3p,>hsa-miR-1307-3p
AAUCCUUGGAACCUAGGUGUGAGU,CUUUCAGUCGGAUGUUUACAGC,CUUAUCAGAUUGUAUUGUAAUU,ACUCGGCGUGGCGUCGGUCGUG
,>hsa-miR-196b-5p,>hsa-miR-502-3p,>hsa-miR-27a-3p
,UAGGUAGUUUCCUGUUGUUGGG,AAUGCACCUGGGCAAGGAUUCA,UUCACAGUGGCUAAGUUCCGC
,>hsa-miR-877-5p,>hsa-let-7b-5p,>hsa-miR-93-5p
,GUAGAGGAGAUGGCGCAGGG,UGAGGUAGUAGGUUGUGUGGUU,CAAAGUGCUGUUCGUGCAGGUAG
,>hsa-miR-125a-3p,>hsa-miR-671-5p,>hsa-miR-15b-5p
,ACAGGUGAGGUUCUUGGGAGCC,AGGAAGCCCUGGAGGGGCUGGAG,UAGCAGCACAUCAUGGUUUACA
,,>hsa-miR-629-5p,>hsa-let-7d-3p
,,UGGGUUUACGUUGGGAGAACU,CUAUACGACCUGCUGCCUUUCU
,,>hsa-miR-221-3p,>hsa-miR-22-3p
,,AGCUACAUUGUCUGCUGGGUUUC,AAGCUGCCAGUUGAAGAACUGU
,,>hsa-miR-149-5p,>hsa-miR-186-5p
,,UCUGGCUCCGUGUCUUCACUCCC,CAAAGAAUUCUCCUUUUGGGCU
,,>hsa-miR-26b-5p,>hsa-miR-30b-5p
,,UUCAAGUAAUUCAGGAUAGGU,UGUAAACAUCCUACACUCAGCU
,,>hsa-miR-222-3p,>hsa-miR-205-5p
,,AGCUACAUCUGGCUACUGGGU,UCCUUCAUUCCACCGGAGUCUG
,,>hsa-miR-374a-5p,>hsa-miR-31-5p
,,UUAUAAUACAACCUGAUAAGUG,AGGCAAGAUGCUGGCAUAGCU
,,,>hsa-miR-191-5p
,,,CAACGGAAUCCCAAAAGCAGCUG
,,,>hsa-miR-99a-5p
,,,AACCCGUAGAUCCGAUCUUGUG
,,,>hsa-miR-92b-3p
,,,UAUUGCACUCGUCCCGGCCUCC
,,,>hsa-miR-361-5p
,,,UUAUCAGAAUCUCCAGGGGUAC
,,,>hsa-let-7d-5p
,,,AGAGGUAGUAGGUUGCAUAGUU
,,,>hsa-miR-339-5p
,,,UCCCUGUCCUCCAGGAGCUCACG
,,,>hsa-miR-185-5p
,,,UGGAGAGAAAGGCAGUUCCUGA
,,,>hsa-let-7e-5p
,,,UGAGGUAGGAGGUUGUAUAGUU
